Site/Product/Categroy Link,Link Name(Required only when creating code),Affiliate URL,Text link
https://es.newchic.com/baseball-caps-12158/p-1394523.html?rmmds=category_most_popular#trace_id=a5611702445146385,,https://Newchic.vip/14rPy,"<a target=""_blank"" href=""https://Newchic.vip/14rPy"" title=""""></a>"
https://es.newchic.com/baseball-caps-12158/p-1398515.html?rmmds=category_most_popular#trace_id=a5611702445146385,,https://Newchic.vip/14rPz,"<a target=""_blank"" href=""https://Newchic.vip/14rPz"" title=""""></a>"
https://es.newchic.com/baseball-caps-12158/p-1223781.html?rmmds=category_most_popular#trace_id=a5611702445146385,,https://Newchic.vip/14rPA,"<a target=""_blank"" href=""https://Newchic.vip/14rPA"" title=""""></a>"
https://es.newchic.com/baseball-caps-12158/p-1106334.html?rmmds=category_most_popular#trace_id=a5611702445146385,,https://Newchic.vip/14rPB,"<a target=""_blank"" href=""https://Newchic.vip/14rPB"" title=""""></a>"
https://es.newchic.com/baseball-caps-12158/p-1093210.html?rmmds=category_most_popular#trace_id=a5611702445146385,,https://Newchic.vip/14rPC,"<a target=""_blank"" href=""https://Newchic.vip/14rPC"" title=""""></a>"
https://es.newchic.com/baseball-caps-12158/p-1071689.html?rmmds=category_most_popular#trace_id=a5611702445146385,,https://Newchic.vip/14rPD,"<a target=""_blank"" href=""https://Newchic.vip/14rPD"" title=""""></a>"
https://es.newchic.com/baseball-caps-12158/p-1671334.html?rmmds=category_most_popular#trace_id=a5611702445146385,,https://Newchic.vip/14rPE,"<a target=""_blank"" href=""https://Newchic.vip/14rPE"" title=""""></a>"
https://es.newchic.com/baseball-caps-12158/p-1674134.html?rmmds=category_most_popular#trace_id=a5611702445146385,,https://Newchic.vip/14rPF,"<a target=""_blank"" href=""https://Newchic.vip/14rPF"" title=""""></a>"
https://es.newchic.com/baseball-caps-12158/p-1674136.html?rmmds=category_most_popular#trace_id=a5611702445146385,,https://Newchic.vip/14rPG,"<a target=""_blank"" href=""https://Newchic.vip/14rPG"" title=""""></a>"
https://es.newchic.com/baseball-caps-12158/p-1674138.html?rmmds=category_most_popular#trace_id=a5611702445146385,,https://Newchic.vip/14rPH,"<a target=""_blank"" href=""https://Newchic.vip/14rPH"" title=""""></a>"
https://es.newchic.com/jassy-baseball-caps-12158/p-1685067.html?rmmds=category_most_popular#trace_id=a5611702445146385,,https://Newchic.vip/14rPI,"<a target=""_blank"" href=""https://Newchic.vip/14rPI"" title=""""></a>"
https://es.newchic.com/baseball-caps-12158/p-1685799.html?rmmds=category_most_popular#trace_id=a5611702445146385,,https://Newchic.vip/14rPJ,"<a target=""_blank"" href=""https://Newchic.vip/14rPJ"" title=""""></a>"
https://es.newchic.com/baseball-caps-12158/p-1676849.html?rmmds=category_most_popular#trace_id=a5611702445146385,,https://Newchic.vip/14rPK,"<a target=""_blank"" href=""https://Newchic.vip/14rPK"" title=""""></a>"
https://es.newchic.com/baseball-caps-12158/p-1679047.html?rmmds=category_most_popular#trace_id=a5611702445151524,,https://Newchic.vip/14rPL,"<a target=""_blank"" href=""https://Newchic.vip/14rPL"" title=""""></a>"
https://es.newchic.com/baseball-caps-12158/p-1645810.html?rmmds=category_most_popular#trace_id=a5611702445151524,,https://Newchic.vip/14rPM,"<a target=""_blank"" href=""https://Newchic.vip/14rPM"" title=""""></a>"
https://es.newchic.com/baseball-caps-12158/p-1645999.html?rmmds=category_most_popular#trace_id=a5611702445151524,,https://Newchic.vip/14rPN,"<a target=""_blank"" href=""https://Newchic.vip/14rPN"" title=""""></a>"
https://es.newchic.com/baseball-caps-12158/p-1646214.html?rmmds=category_most_popular#trace_id=a5611702445151524,,https://Newchic.vip/14rPO,"<a target=""_blank"" href=""https://Newchic.vip/14rPO"" title=""""></a>"
https://es.newchic.com/baseball-caps-12158/p-1681874.html?rmmds=category_most_popular#trace_id=a5611702445151524,,https://Newchic.vip/14rPP,"<a target=""_blank"" href=""https://Newchic.vip/14rPP"" title=""""></a>"
https://es.newchic.com/baseball-caps-12158/p-1681891.html?rmmds=category_most_popular#trace_id=a5611702445151524,,https://Newchic.vip/14rPQ,"<a target=""_blank"" href=""https://Newchic.vip/14rPQ"" title=""""></a>"
https://es.newchic.com/baseball-caps-12158/p-1043887.html?rmmds=category_most_popular#trace_id=a5611702445151524,,https://Newchic.vip/14rPR,"<a target=""_blank"" href=""https://Newchic.vip/14rPR"" title=""""></a>"
https://es.newchic.com/baseball-caps-12158/p-1728875.html?rmmds=category_most_popular#trace_id=a5611702445151524,,https://Newchic.vip/14rPS,"<a target=""_blank"" href=""https://Newchic.vip/14rPS"" title=""""></a>"
https://es.newchic.com/baseball-caps-12158/p-1701892.html?rmmds=category_most_popular#trace_id=a5611702445151524,,https://Newchic.vip/14rPT,"<a target=""_blank"" href=""https://Newchic.vip/14rPT"" title=""""></a>"
https://es.newchic.com/baseball-caps-12158/p-1702200.html?rmmds=category_most_popular#trace_id=a5611702445151524,,https://Newchic.vip/14rPU,"<a target=""_blank"" href=""https://Newchic.vip/14rPU"" title=""""></a>"
https://es.newchic.com/baseball-caps-12158/p-1703079.html?rmmds=category_most_popular#trace_id=a5611702445151524,,https://Newchic.vip/14rPV,"<a target=""_blank"" href=""https://Newchic.vip/14rPV"" title=""""></a>"
https://es.newchic.com/baseball-caps-12158/p-1703853.html?rmmds=category_most_popular#trace_id=a5611702445151524,,https://Newchic.vip/14rPW,"<a target=""_blank"" href=""https://Newchic.vip/14rPW"" title=""""></a>"
https://es.newchic.com/baseball-caps-12158/p-1368367.html?rmmds=category_most_popular#trace_id=a5611702445151524,,https://Newchic.vip/14rPX,"<a target=""_blank"" href=""https://Newchic.vip/14rPX"" title=""""></a>"
https://es.newchic.com/baseball-caps-12158/p-1738039.html?rmmds=category_most_popular#trace_id=a5611702445151524,,https://Newchic.vip/14rPY,"<a target=""_blank"" href=""https://Newchic.vip/14rPY"" title=""""></a>"
https://es.newchic.com/baseball-caps-12158/p-1739245.html?rmmds=category_most_popular#trace_id=a5611702445151524,,https://Newchic.vip/14rPZ,"<a target=""_blank"" href=""https://Newchic.vip/14rPZ"" title=""""></a>"
https://es.newchic.com/baseball-caps-12158/p-1739250.html?rmmds=category_most_popular#trace_id=a5611702445151524,,https://Newchic.vip/14rQ0,"<a target=""_blank"" href=""https://Newchic.vip/14rQ0"" title=""""></a>"
https://es.newchic.com/baseball-caps-12158/p-1739252.html?rmmds=category_most_popular#trace_id=a5611702445151524,,https://Newchic.vip/14rQ1,"<a target=""_blank"" href=""https://Newchic.vip/14rQ1"" title=""""></a>"
https://es.newchic.com/baseball-caps-12158/p-1661141.html?rmmds=category_most_popular#trace_id=a5611702445151524,,https://Newchic.vip/14rQ2,"<a target=""_blank"" href=""https://Newchic.vip/14rQ2"" title=""""></a>"
https://es.newchic.com/jassy-baseball-caps-12158/p-1661278.html?rmmds=category_most_popular#trace_id=a5611702445151524,,https://Newchic.vip/14rQ3,"<a target=""_blank"" href=""https://Newchic.vip/14rQ3"" title=""""></a>"
https://es.newchic.com/baseball-caps-12158/p-1661280.html?rmmds=category_most_popular#trace_id=a5611702445151524,,https://Newchic.vip/14rQ4,"<a target=""_blank"" href=""https://Newchic.vip/14rQ4"" title=""""></a>"
https://es.newchic.com/baseball-caps-12158/p-1661544.html?rmmds=category_most_popular#trace_id=a5611702445151524,,https://Newchic.vip/14rQ5,"<a target=""_blank"" href=""https://Newchic.vip/14rQ5"" title=""""></a>"
https://es.newchic.com/baseball-caps-12158/p-1661549.html?rmmds=category_most_popular#trace_id=a5611702445151524,,https://Newchic.vip/14rQ6,"<a target=""_blank"" href=""https://Newchic.vip/14rQ6"" title=""""></a>"
https://es.newchic.com/baseball-caps-12158/p-1723599.html?rmmds=category_most_popular#trace_id=a5611702445151524,,https://Newchic.vip/14rQ7,"<a target=""_blank"" href=""https://Newchic.vip/14rQ7"" title=""""></a>"
https://es.newchic.com/baseball-caps-12158/p-1723801.html?rmmds=category_most_popular#trace_id=a5611702445151524,,https://Newchic.vip/14rQ8,"<a target=""_blank"" href=""https://Newchic.vip/14rQ8"" title=""""></a>"
https://es.newchic.com/baseball-caps-12158/p-1712579.html?rmmds=category_most_popular#trace_id=a5611702445151524,,https://Newchic.vip/14rQ9,"<a target=""_blank"" href=""https://Newchic.vip/14rQ9"" title=""""></a>"
https://es.newchic.com/baseball-caps-12158/p-1712580.html?rmmds=category_most_popular#trace_id=a5611702445151524,,https://Newchic.vip/14rQa,"<a target=""_blank"" href=""https://Newchic.vip/14rQa"" title=""""></a>"
https://es.newchic.com/baseball-caps-12158/p-1655403.html?rmmds=category_most_popular#trace_id=a5611702445151524,,https://Newchic.vip/14rQb,"<a target=""_blank"" href=""https://Newchic.vip/14rQb"" title=""""></a>"
https://es.newchic.com/baseball-caps-12158/p-1942627.html?rmmds=category_most_popular#trace_id=a5611702445151524,,https://Newchic.vip/14rQc,"<a target=""_blank"" href=""https://Newchic.vip/14rQc"" title=""""></a>"
https://es.newchic.com/baseball-caps-12158/p-1942628.html?rmmds=category_most_popular#trace_id=a5611702445151524,,https://Newchic.vip/14rQd,"<a target=""_blank"" href=""https://Newchic.vip/14rQd"" title=""""></a>"
https://es.newchic.com/baseball-caps-12158/p-1942629.html?rmmds=category_most_popular#trace_id=a5611702445151524,,https://Newchic.vip/14rQe,"<a target=""_blank"" href=""https://Newchic.vip/14rQe"" title=""""></a>"
https://es.newchic.com/baseball-caps-12158/p-1942630.html?rmmds=category_most_popular#trace_id=a5611702445151524,,https://Newchic.vip/14rQf,"<a target=""_blank"" href=""https://Newchic.vip/14rQf"" title=""""></a>"
https://es.newchic.com/collrown-baseball-caps-12158/p-1942634.html?rmmds=category_most_popular#trace_id=a5611702445151524,,https://Newchic.vip/14rQg,"<a target=""_blank"" href=""https://Newchic.vip/14rQg"" title=""""></a>"
https://es.newchic.com/baseball-caps-12158/p-1935854.html?rmmds=category_most_popular#trace_id=a5611702445151524,,https://Newchic.vip/14rQh,"<a target=""_blank"" href=""https://Newchic.vip/14rQh"" title=""""></a>"
https://es.newchic.com/baseball-caps-12158/p-1938274.html?rmmds=category_most_popular#trace_id=a5611702445151524,,https://Newchic.vip/14rQi,"<a target=""_blank"" href=""https://Newchic.vip/14rQi"" title=""""></a>"
https://es.newchic.com/baseball-caps-12158/p-1938557.html?rmmds=category_most_popular#trace_id=a5611702445151524,,https://Newchic.vip/14rQj,"<a target=""_blank"" href=""https://Newchic.vip/14rQj"" title=""""></a>"
https://es.newchic.com/baseball-caps-12158/p-1938566.html?rmmds=category_most_popular#trace_id=a5611702445151524,,https://Newchic.vip/14rQk,"<a target=""_blank"" href=""https://Newchic.vip/14rQk"" title=""""></a>"
https://es.newchic.com/baseball-caps-12158/p-1931543.html?rmmds=category_most_popular#trace_id=a5611702445151524,,https://Newchic.vip/14rQl,"<a target=""_blank"" href=""https://Newchic.vip/14rQl"" title=""""></a>"
