Site/Product/Category Link,Link Name(Required only when creating code)
https://es.newchic.com/temporary-tattoos-4515/p-1204675.html?rmmds=category_recommend#trace_id=90cf1702489275343,
https://es.newchic.com/tattoo-machines-4513/p-1082833.html?rmmds=category_recommend#trace_id=90cf1702489275343,
https://es.newchic.com/tattoo-accessories-4514/p-1090121.html?rmmds=category_recommend#trace_id=90cf1702489275343,
https://es.newchic.com/tattoo-accessories-4514/p-1022402.html?rmmds=category_recommend#trace_id=90cf1702489275343,
https://es.newchic.com/temporary-tattoos-4515/p-1762232.html?rmmds=category_recommend#trace_id=90cf1702489275343,
https://es.newchic.com/temporary-tattoos-4515/p-1283167.html?rmmds=category_recommend#trace_id=90cf1702489275343,
https://es.newchic.com/temporary-tattoos-4515/p-1406324.html?rmmds=category_recommend#trace_id=90cf1702489275343,
https://es.newchic.com/temporary-tattoos-4515/p-1158428.html?rmmds=category_recommend#trace_id=90cf1702489275343,
https://es.newchic.com/temporary-tattoos-4515/p-1159855.html?rmmds=category_recommend#trace_id=90cf1702489275343,
https://es.newchic.com/temporary-tattoos-4515/p-1178723.html?rmmds=category_recommend#trace_id=90cf1702489275343,
https://es.newchic.com/temporary-tattoos-4515/p-1361344.html?rmmds=category_recommend#trace_id=90cf1702489275343,
https://es.newchic.com/temporary-tattoos-4515/p-1355238.html?rmmds=category_recommend#trace_id=90cf1702489275343,
https://es.newchic.com/eyebrow-and-lip-tattoo-5002/p-1203695.html?rmmds=category_recommend#trace_id=90cf1702489275343,
https://es.newchic.com/temporary-tattoos-4515/p-1204631.html?rmmds=category_recommend#trace_id=90cf1702489275343,
https://es.newchic.com/tattoo-accessories-4514/p-1291990.html?rmmds=category_recommend#trace_id=90cf1702489275343,
https://es.newchic.com/tattoo-accessories-4514/p-1237980.html?rmmds=category_recommend#trace_id=90cf1702489275343,
https://es.newchic.com/temporary-tattoos-4515/p-1239126.html?rmmds=category_recommend#trace_id=90cf1702489275343,
https://es.newchic.com/tattoo-accessories-4514/p-1224928.html?rmmds=category_recommend#trace_id=90cf1702489275343,
https://es.newchic.com/tattoo-accessories-4514/p-1100182.html?rmmds=category_recommend#trace_id=90cf1702489275343,
https://es.newchic.com/temporary-tattoos-4515/p-924452.html?rmmds=category_recommend#trace_id=90cf1702489275343,
https://es.newchic.com/temporary-tattoos-4515/p-986477.html?rmmds=category_recommend#trace_id=90cf1702489275343,
https://es.newchic.com/temporary-tattoos-4515/p-1724304.html?rmmds=category_recommend#trace_id=90cf1702489275343,
https://es.newchic.com/temporary-tattoos-4515/p-1724326.html?rmmds=category_recommend#trace_id=90cf1702489275343,
https://es.newchic.com/temporary-tattoos-4515/p-1724437.html?rmmds=category_recommend#trace_id=90cf1702489275343,
https://es.newchic.com/temporary-tattoos-4515/p-1762177.html?rmmds=category_recommend#trace_id=90cf1702489275343,
