SKU,Product title,Product main image,Product Details Page Link,Sale price,Commission,Promotion Link
SKUI72961,Gorra unisex con estampado japonés Rose Cráneo,https://imgaz1.chiccdn.com/thumb/gallery/oaupload/newchic/images/34/CB/18eba6d6-2c6b-4d04-87b2-7344f586eb82.jpg?s=235x313,https://www.newchic.com/es/collrown-skull-caps-12161/p-1909284.html,3.69,0.44,https://www.newchic.com/es/collrown-skull-caps-12161/p-1909284.html?p=40111254531976202019&utm_campaign=affcenter&utm_content=&site=23&pid=1909284
SKUI38028,Blazer de solapa con botón de bolsillo liso,https://imgaz1.chiccdn.com/thumb/gallery/oaupload/newchic/images/1E/F2/1ff61cd0-f779-4917-81a1-7d14f26b8e7b.jpg?s=235x313,https://www.newchic.com/es/zanzea-blazers-3680/p-1919634.html,24.09,2.89,https://www.newchic.com/es/zanzea-blazers-3680/p-1919634.html?p=40111254531976202019&utm_campaign=affcenter&utm_content=&site=23&pid=1919634
SKUG10092,Top informal de manga larga con botones para hombre Camisa,https://imgaz1.chiccdn.com/thumb/gallery/oaupload/newchic/images/86/63/30af1e6c-bec2-4f27-87b0-3c8a79ac25e1.jpg?s=235x313,https://www.newchic.com/es/incerun-shirts-12209/p-1911332.html,28.34,3.4,https://www.newchic.com/es/incerun-shirts-12209/p-1911332.html?p=40111254531976202019&utm_campaign=affcenter&utm_content=&site=23&pid=1911332
SKUG51562,Camisas con botones de manga larga de patchwork,https://imgaz1.chiccdn.com/thumb/gallery/oaupload/newchic/images/A0/8C/1eab33d2-37be-4293-845e-4a7c1c5fba0a.jpg?s=235x313,https://www.newchic.com/es/incerun-shirts-12209/p-1911535.html,23.09,2.77,https://www.newchic.com/es/incerun-shirts-12209/p-1911535.html?p=40111254531976202019&utm_campaign=affcenter&utm_content=&site=23&pid=1911535
SKUH05181,Camisas hawaianas de bloques de colores coloridos,https://imgaz1.chiccdn.com/thumb/gallery/oaupload/newchic/images/3F/EA/c230127f-2d8d-4e39-a976-c1b54b2d7fa2.jpg?s=235x313,https://www.newchic.com/es/newchic-shirts-12209/p-1820696.html,7.57,0.91,https://www.newchic.com/es/newchic-shirts-12209/p-1820696.html?p=40111254531976202019&utm_campaign=affcenter&utm_content=&site=23&pid=1820696
SKUJ38642,Camisetas con capucha y estampado japonés de gatos,https://imgaz1.chiccdn.com/thumb/gallery/oaupload/newchic/images/E2/00/f1a99ff8-95ad-4194-b272-9c15e95f58a7.jpg?s=235x313,https://www.newchic.com/es/mensclo-t-shirts-12208/p-1960087.html,10.14,1.22,https://www.newchic.com/es/mensclo-t-shirts-12208/p-1960087.html?p=40111254531976202019&utm_campaign=affcenter&utm_content=&site=23&pid=1960087
SKUJ40239,Revere cuello media manga Camisa,https://imgaz1.chiccdn.com/thumb/gallery/oaupload/newchic/images/BB/AF/5d984d0e-9321-4641-9fb9-f2c78384a6dc.jpg?s=235x313,https://www.newchic.com/es/incerun-shirts-12209/p-1961507.html,19.94,2.39,https://www.newchic.com/es/incerun-shirts-12209/p-1961507.html?p=40111254531976202019&utm_campaign=affcenter&utm_content=&site=23&pid=1961507
SKUJ47281,Camisetas de punto con botones bordados,https://imgaz1.chiccdn.com/thumb/gallery/oaupload/newchic/images/66/E9/50c76258-3125-488d-81b3-0f5d7c458403.jpg?s=235x313,https://www.newchic.com/es/mensclo-t-shirts-12208/p-1963264.html,7.45,0.89,https://www.newchic.com/es/mensclo-t-shirts-12208/p-1963264.html?p=40111254531976202019&utm_campaign=affcenter&utm_content=&site=23&pid=1963264
SKUJ49362,Manga larga con estampado de rayas Camisa,https://imgaz1.chiccdn.com/thumb/gallery/oaupload/newchic/images/96/15/5849c827-7188-4767-9e07-c02983209608.jpg?s=235x313,https://www.newchic.com/es/zanzea-blouses-and-shirts-3689/p-1973380.html,16.95,2.03,https://www.newchic.com/es/zanzea-blouses-and-shirts-3689/p-1973380.html?p=40111254531976202019&utm_campaign=affcenter&utm_content=&site=23&pid=1973380
SKUJ88886,Estampado de letras con bloques de colores Carga Pantalones,https://imgaz1.chiccdn.com/thumb/gallery/oaupload/newchic/images/26/98/993cd69e-0212-48a4-bf27-2d162c695c47.jpg?s=235x313,https://www.newchic.com/es/koyye-pants-4975/p-1974050.html,8.33,1,https://www.newchic.com/es/koyye-pants-4975/p-1974050.html?p=40111254531976202019&utm_campaign=affcenter&utm_content=&site=23&pid=1974050
SKUK36321,Sudaderas con estampado geométrico y patchwork,https://imgaz1.chiccdn.com/thumb/gallery/oaupload/newchic/images/D4/F8/4b59903b-be1d-46d7-b6b8-2d16a6bb442a.jpg?s=235x313,https://www.newchic.com/es/charmkpr-sweatshirts-12201/p-2000188.html,31.49,3.78,https://www.newchic.com/es/charmkpr-sweatshirts-12201/p-2000188.html?p=40111254531976202019&utm_campaign=affcenter&utm_content=&site=23&pid=2000188
SKUK37533,Sudaderas con capucha con estampado de tinta de estilo chino,https://imgaz1.chiccdn.com/thumb/gallery/oaupload/newchic/images/02/5A/2b8f21f1-4641-4c4d-adb8-9b412cbaa2cf.png?s=235x313,https://www.newchic.com/es/charmkpr-hoodies-12200/p-2000402.html,31.49,3.78,https://www.newchic.com/es/charmkpr-hoodies-12200/p-2000402.html?p=40111254531976202019&utm_campaign=affcenter&utm_content=&site=23&pid=2000402
SKUK39803,Patchwork con estampado lateral de panda Pantalones,https://imgaz1.chiccdn.com/thumb/gallery/oaupload/newchic/images/D1/31/a483587c-6a95-4de2-987a-1b3a77c90d4e.jpg?s=235x313,https://www.newchic.com/es/charmkpr-pants-4975/p-2001852.html,30.23,3.63,https://www.newchic.com/es/charmkpr-pants-4975/p-2001852.html?p=40111254531976202019&utm_campaign=affcenter&utm_content=&site=23&pid=2001852
SKUK40616,Sudaderas con capucha Astronauta de dibujos animados Gato,https://imgaz1.chiccdn.com/thumb/gallery/oaupload/newchic/images/15/F6/5f57aeba-2d78-46fd-b85a-07c507ba6453.jpg?s=235x313,https://www.newchic.com/es/charmkpr-hoodies-12200/p-2002164.html,22.99,2.76,https://www.newchic.com/es/charmkpr-hoodies-12200/p-2002164.html?p=40111254531976202019&utm_campaign=affcenter&utm_content=&site=23&pid=2002164
SKUK41682,Chaqueta con forro polar de patchwork étnico,https://imgaz1.chiccdn.com/thumb/gallery/oaupload/newchic/images/B2/45/8f048bd3-d1f2-48af-82c1-11b32b02c92d.jpg?s=235x313,https://www.newchic.com/es/charmkpr-jackets-4972/p-2003613.html,44.09,5.29,https://www.newchic.com/es/charmkpr-jackets-4972/p-2003613.html?p=40111254531976202019&utm_campaign=affcenter&utm_content=&site=23&pid=2003613
SKUK41538,Flores de cerezo japonesas Pantalones,https://imgaz1.chiccdn.com/thumb/gallery/oaupload/newchic/images/47/C1/4568915d-30b6-4077-b195-0dac47e2d193.jpg?s=235x313,https://www.newchic.com/es/charmkpr-pants-4975/p-2003632.html,29.39,3.53,https://www.newchic.com/es/charmkpr-pants-4975/p-2003632.html?p=40111254531976202019&utm_campaign=affcenter&utm_content=&site=23&pid=2003632
SKUK42592,Sudaderas con capucha con estampado geométrico y patchwork,https://imgaz1.chiccdn.com/thumb/gallery/oaupload/newchic/images/11/0B/2ebfd255-f3dd-4150-be80-95d0b1b68d3f.jpg?s=235x313,https://www.newchic.com/es/charmkpr-hoodies-12200/p-2003792.html,31.49,3.78,https://www.newchic.com/es/charmkpr-hoodies-12200/p-2003792.html?p=40111254531976202019&utm_campaign=affcenter&utm_content=&site=23&pid=2003792
SKUK28210,Floral Planta Tripulación Cuello Vestido,https://imgaz1.chiccdn.com/thumb/gallery/oaupload/newchic/images/50/7B/abc88ca5-ba4c-43d7-96e0-cae9780b339d.jpg?s=235x313,https://www.newchic.com/es/newchic-print-dresses-3677/p-1995333.html,28.34,3.4,https://www.newchic.com/es/newchic-print-dresses-3677/p-1995333.html?p=40111254531976202019&utm_campaign=affcenter&utm_content=&site=23&pid=1995333
SKUK30503,Camisas de algodón con cuello alto liso,https://imgaz1.chiccdn.com/thumb/gallery/oaupload/newchic/images/A1/A1/16bdcb48-7015-4139-8317-fc081543689a.jpg?s=235x313,https://www.newchic.com/es/charmkpr-shirts-12209/p-1995838.html,11.95,1.43,https://www.newchic.com/es/charmkpr-shirts-12209/p-1995838.html?p=40111254531976202019&utm_campaign=affcenter&utm_content=&site=23&pid=1995838
SKUK31145,Sudaderas con capucha y patchwork con estampado geométrico tribal,https://imgaz1.chiccdn.com/thumb/gallery/oaupload/newchic/images/F2/4A/1ed3a482-19de-4308-b018-1aef394f4659.jpg?s=235x313,https://www.newchic.com/es/charmkpr-hoodies-12200/p-1997484.html,28.34,3.4,https://www.newchic.com/es/charmkpr-hoodies-12200/p-1997484.html?p=40111254531976202019&utm_campaign=affcenter&utm_content=&site=23&pid=1997484
SKUK12302,Estampado de grafiti por toda la prenda Pantalones,https://imgaz1.chiccdn.com/thumb/gallery/oaupload/newchic/images/FD/D5/ffbbb0b1-e9b2-4de0-8243-e1e3b04d8cbe.jpg?s=235x313,https://www.newchic.com/es/charmkpr-pants-4975/p-1987736.html,8.75,1.05,https://www.newchic.com/es/charmkpr-pants-4975/p-1987736.html?p=40111254531976202019&utm_campaign=affcenter&utm_content=&site=23&pid=1987736
SKUK17036,Algodón con textura hueca Vestido,https://imgaz1.chiccdn.com/thumb/gallery/oaupload/newchic/images/6F/89/c0d6aaf9-9afb-465d-a460-07d458a8e3ca.jpg?s=235x313,https://www.newchic.com/es/zanzea-vintage-dresses-3664/p-1988363.html,11.53,1.38,https://www.newchic.com/es/zanzea-vintage-dresses-3664/p-1988363.html?p=40111254531976202019&utm_campaign=affcenter&utm_content=&site=23&pid=1988363
SKUK03110,Étnico Patrón Camisas Detalle Lazos,https://imgaz1.chiccdn.com/thumb/gallery/oaupload/newchic/images/64/95/5503f69e-0c88-4cac-aef8-a6980972a1ec.jpg?s=235x313,https://www.newchic.com/es/charmkpr-shirts-12209/p-1982103.html,9.14,1.1,https://www.newchic.com/es/charmkpr-shirts-12209/p-1982103.html?p=40111254531976202019&utm_campaign=affcenter&utm_content=&site=23&pid=1982103
SKUK02747,Camiseta sin mangas de punto con medio cuello liso,https://imgaz1.chiccdn.com/thumb/gallery/oaupload/newchic/images/FA/5C/ab52e8d5-e4ac-43ad-8a51-f1cb4916b5b5.jpg?s=235x313,https://www.newchic.com/es/incerun-tanks-12206/p-1982412.html,17.84,2.14,https://www.newchic.com/es/incerun-tanks-12206/p-1982412.html?p=40111254531976202019&utm_campaign=affcenter&utm_content=&site=23&pid=1982412
SKUK03790,Cinta con estampado de rosas laterales Pantalones,https://imgaz1.chiccdn.com/thumb/gallery/oaupload/newchic/images/13/66/2a9b3f99-bac3-4d43-a53c-1d5791a20b55.jpg?s=235x313,https://www.newchic.com/es/charmkpr-pants-4975/p-1982743.html,8.38,1.01,https://www.newchic.com/es/charmkpr-pants-4975/p-1982743.html?p=40111254531976202019&utm_campaign=affcenter&utm_content=&site=23&pid=1982743
SKUK03794,Camisetas de patchwork de bloques de color de plantas,https://imgaz1.chiccdn.com/thumb/gallery/oaupload/newchic/images/96/FE/ea24593d-eb2d-45f9-86fd-43f03319d7fa.jpg?s=235x313,https://www.newchic.com/es/charmkpr-t-shirts-12208/p-1982869.html,4.46,0.54,https://www.newchic.com/es/charmkpr-t-shirts-12208/p-1982869.html?p=40111254531976202019&utm_campaign=affcenter&utm_content=&site=23&pid=1982869
SKUK03038,Camisetas con estampado floral y bolsillo en el pecho,https://imgaz1.chiccdn.com/thumb/gallery/oaupload/newchic/images/74/36/13373162-4a69-4441-9a0e-ef2152ec67d4.jpg?s=235x313,https://www.newchic.com/es/charmkpr-t-shirts-12208/p-1982870.html,4.46,0.54,https://www.newchic.com/es/charmkpr-t-shirts-12208/p-1982870.html?p=40111254531976202019&utm_campaign=affcenter&utm_content=&site=23&pid=1982870
SKUK08096,Camisas con capucha de patchwork geométrico,https://imgaz1.chiccdn.com/thumb/gallery/oaupload/newchic/images/7B/31/b3e72f3e-02d4-438a-a796-ba471437ab51.jpg?s=235x313,https://www.newchic.com/es/charmkpr-shirts-12209/p-1984005.html,9.08,1.09,https://www.newchic.com/es/charmkpr-shirts-12209/p-1984005.html?p=40111254531976202019&utm_campaign=affcenter&utm_content=&site=23&pid=1984005
SKUK10244,Camisetas con costuras y estampado de Paisley Smile,https://imgaz1.chiccdn.com/thumb/gallery/oaupload/newchic/images/2D/20/e933bb15-bdb6-45f1-904d-506c150b759d.jpg?s=235x313,https://www.newchic.com/es/charmkpr-t-shirts-12208/p-1984011.html,23.09,2.77,https://www.newchic.com/es/charmkpr-t-shirts-12208/p-1984011.html?p=40111254531976202019&utm_campaign=affcenter&utm_content=&site=23&pid=1984011
SKUJ82306,Casual manga larga parcheado Capucha,https://imgaz1.chiccdn.com/thumb/gallery/oaupload/newchic/images/41/71/efe29d8b-9247-4709-b08b-9763a60b3316.jpg?s=235x313,https://www.newchic.com/es/zanzea-hoodies-12235/p-1976169.html,26.24,3.15,https://www.newchic.com/es/zanzea-hoodies-12235/p-1976169.html?p=40111254531976202019&utm_campaign=affcenter&utm_content=&site=23&pid=1976169
SKUK02117,Sudaderas con estampado de letras de gatos,https://imgaz1.chiccdn.com/thumb/gallery/oaupload/newchic/images/A4/E9/7fff3870-2484-4356-9d8e-02cad864771b.jpg?s=235x313,https://www.newchic.com/es/charmkpr-sweatshirts-12201/p-1979941.html,6.04,0.72,https://www.newchic.com/es/charmkpr-sweatshirts-12201/p-1979941.html?p=40111254531976202019&utm_campaign=affcenter&utm_content=&site=23&pid=1979941
SKUJ97387,Bolsillo de pana a contraste Pantalones,https://imgaz1.chiccdn.com/thumb/gallery/oaupload/newchic/images/13/D0/e2f93e0b-9321-4d08-b59e-f909b4da518a.jpg?s=235x313,https://www.newchic.com/es/charmkpr-pants-4975/p-1979977.html,16.8,2.02,https://www.newchic.com/es/charmkpr-pants-4975/p-1979977.html?p=40111254531976202019&utm_campaign=affcenter&utm_content=&site=23&pid=1979977
SKUG25783,Abrigo tipo capa con capucha unicolor,https://imgaz1.chiccdn.com/thumb/gallery/oaupload/newchic/images/F8/0E/4610ce4e-06a5-4ae1-9e4a-5eff1192bac5.jpg?s=235x313,https://www.newchic.com/es/zanzea-coats-3668/p-1889605.html,52.49,6.3,https://www.newchic.com/es/zanzea-coats-3668/p-1889605.html?p=40111254531976202019&utm_campaign=affcenter&utm_content=&site=23&pid=1889605
SKUK21297,Camisetas con patchwork bordado japonés,https://imgaz1.chiccdn.com/thumb/gallery/oaupload/newchic/images/A4/51/43b6a8dc-846d-49af-8fad-9e738abac456.jpg?s=235x313,https://www.newchic.com/es/charmkpr-t-shirts-12208/p-1990428.html,20.99,2.52,https://www.newchic.com/es/charmkpr-t-shirts-12208/p-1990428.html?p=40111254531976202019&utm_campaign=affcenter&utm_content=&site=23&pid=1990428
SKUK22283,Camiseta sin mangas de algodón con cuello de pico y textura lisa,https://imgaz1.chiccdn.com/thumb/gallery/oaupload/newchic/images/F5/41/dc61f9b3-0c1c-4524-be82-21525ffefbdf.jpg?s=235x313,https://www.newchic.com/es/zanzea-tank-tops-and-camis-3688/p-1991068.html,5.51,0.66,https://www.newchic.com/es/zanzea-tank-tops-and-camis-3688/p-1991068.html?p=40111254531976202019&utm_campaign=affcenter&utm_content=&site=23&pid=1991068
SKUD94658,Peluche eléctrico Xiaomi Santa Sombrero cantará y brillará,https://imgaz1.chiccdn.com/thumb/gallery/oaupload/newchic/images/C6/E5/f99eeffe-b8cd-46b4-a3ff-800c389d0a77.gif?s=235x313,https://www.newchic.com/es/hats-and-caps-4192/p-1594418.html,3.73,0.45,https://www.newchic.com/es/hats-and-caps-4192/p-1594418.html?p=40111254531976202019&utm_campaign=affcenter&utm_content=&site=23&pid=1594418
SKUJ21127,Recorte estampado de vaca para hombre Pantalones,https://imgaz1.chiccdn.com/thumb/gallery/oaupload/newchic/images/57/B8/01575f21-6260-4ec2-add9-aa4ea7e46025.jpg?s=235x313,https://www.newchic.com/es/incerun-jumpsuits-12207/p-1947485.html,20.99,2.52,https://www.newchic.com/es/incerun-jumpsuits-12207/p-1947485.html?p=40111254531976202019&utm_campaign=affcenter&utm_content=&site=23&pid=1947485
SKUI98679,Blusa informal de algodón de patchwork liso,https://imgaz1.chiccdn.com/thumb/gallery/oaupload/newchic/images/0B/67/75df8d81-9988-463c-99c4-fa64f1e6dfd2.jpg?s=235x313,https://www.newchic.com/es/zanzea-blouses-and-shirts-3689/p-1948871.html,26.24,3.15,https://www.newchic.com/es/zanzea-blouses-and-shirts-3689/p-1948871.html?p=40111254531976202019&utm_campaign=affcenter&utm_content=&site=23&pid=1948871
SKUJ47049,Camisas de pana a cuadros con capucha,https://imgaz1.chiccdn.com/thumb/gallery/oaupload/newchic/images/0A/69/03d0b4b4-690e-42de-ac7f-3b1309ef44a1.jpg?s=235x313,https://www.newchic.com/es/mensclo-shirts-12209/p-1965828.html,31.49,3.78,https://www.newchic.com/es/mensclo-shirts-12209/p-1965828.html?p=40111254531976202019&utm_campaign=affcenter&utm_content=&site=23&pid=1965828
SKUJ50379,Letra de bocetos con estampado tribal lateral Pantalones,https://imgaz1.chiccdn.com/thumb/gallery/oaupload/newchic/images/32/A5/afb2699a-2723-489f-8ce7-903d9469bb85.jpg?s=235x313,https://www.newchic.com/es/charmkpr-pants-4975/p-1965942.html,33.59,4.03,https://www.newchic.com/es/charmkpr-pants-4975/p-1965942.html?p=40111254531976202019&utm_campaign=affcenter&utm_content=&site=23&pid=1965942
SKUJ47119,Blossom Carta Patrón Camisas,https://imgaz1.chiccdn.com/thumb/gallery/oaupload/newchic/images/0F/73/50edbd7f-b23f-4fd9-b694-1a212f457f5f.jpg?s=235x313,https://www.newchic.com/es/charmkpr-shirts-12209/p-1966370.html,7.64,0.92,https://www.newchic.com/es/charmkpr-shirts-12209/p-1966370.html?p=40111254531976202019&utm_campaign=affcenter&utm_content=&site=23&pid=1966370
SKUJ55060,Cintura elástica trasera de color liso Pantalones,https://imgaz1.chiccdn.com/thumb/gallery/oaupload/newchic/images/CC/2B/9834add0-d752-4db8-a5c6-488aeba5bfb3.jpg?s=235x313,https://www.newchic.com/es/charmkpr-pants-4975/p-1971041.html,7.95,0.95,https://www.newchic.com/es/charmkpr-pants-4975/p-1971041.html?p=40111254531976202019&utm_campaign=affcenter&utm_content=&site=23&pid=1971041
SKUJ66504,Doble bolsillo con estampado vintage Pantalones,https://imgaz1.chiccdn.com/thumb/gallery/oaupload/newchic/images/BA/75/6b605279-18ee-4300-90fd-6a4c4c33c6f0.jpg?s=235x313,https://www.newchic.com/es/zanzea-pants-and-capris-3674/p-1972555.html,7.32,0.88,https://www.newchic.com/es/zanzea-pants-and-capris-3674/p-1972555.html?p=40111254531976202019&utm_campaign=affcenter&utm_content=&site=23&pid=1972555
SKUJ81953,Bolsillo de contraste Impermeable Carga Pantalones,https://imgaz1.chiccdn.com/thumb/gallery/oaupload/newchic/images/7F/D3/e85d03f0-6b87-4317-8227-7219438fcaca.jpg?s=235x313,https://www.newchic.com/es/koyye-pants-4975/p-1973685.html,8.56,1.03,https://www.newchic.com/es/koyye-pants-4975/p-1973685.html?p=40111254531976202019&utm_campaign=affcenter&utm_content=&site=23&pid=1973685
SKUJ91404,Mens Solid Color 100%Cotton Drawstring Waist Cargo Pants,https://imgaz1.chiccdn.com/thumb/gallery/oaupload/newchic/images/E8/15/b1625957-ad46-40f1-8bf1-a60d0ddbf114.jpg?s=235x313,https://www.newchic.com/es/koyye-pants-4975/p-1974759.html,19.95,2.39,https://www.newchic.com/es/koyye-pants-4975/p-1974759.html?p=40111254531976202019&utm_campaign=affcenter&utm_content=&site=23&pid=1974759
SKUK37663,Sudaderas con capucha con estampado de alces y árboles de Navidad,https://imgaz1.chiccdn.com/thumb/gallery/oaupload/newchic/images/89/FA/cdbb730b-aa3a-4689-9135-785318eb048a.jpg?s=235x313,https://www.newchic.com/es/charmkpr-hoodies-12200/p-2000630.html,28.34,3.4,https://www.newchic.com/es/charmkpr-hoodies-12200/p-2000630.html?p=40111254531976202019&utm_campaign=affcenter&utm_content=&site=23&pid=2000630
SKUK29498,Sudaderas con capucha japonesas de dos piezas de imitación Gato,https://imgaz1.chiccdn.com/thumb/gallery/oaupload/newchic/images/7C/93/c09caeb8-b51d-48c0-bf11-e41c1de20094.jpg?s=235x313,https://www.newchic.com/es/charmkpr-hoodies-12200/p-1995150.html,20.99,2.52,https://www.newchic.com/es/charmkpr-hoodies-12200/p-1995150.html?p=40111254531976202019&utm_campaign=affcenter&utm_content=&site=23&pid=1995150
SKUK29161,Argyle Patrón Camisas de patchwork con bolsillos,https://imgaz1.chiccdn.com/thumb/gallery/oaupload/newchic/images/28/FE/ded87e6f-fab9-4ce0-8eb6-4499c4d7aaa5.jpg?s=235x313,https://www.newchic.com/es/charmkpr-shirts-12209/p-1995163.html,13.08,1.57,https://www.newchic.com/es/charmkpr-shirts-12209/p-1995163.html?p=40111254531976202019&utm_campaign=affcenter&utm_content=&site=23&pid=1995163
SKUK32766,Camisetas de punto tipo gofre en contraste,https://imgaz1.chiccdn.com/thumb/gallery/oaupload/newchic/images/2E/EA/dde747ea-6ac2-48ca-8167-f5c2f32237bf.jpg?s=235x313,https://www.newchic.com/es/charmkpr-t-shirts-12208/p-1997443.html,23.09,2.77,https://www.newchic.com/es/charmkpr-t-shirts-12208/p-1997443.html?p=40111254531976202019&utm_campaign=affcenter&utm_content=&site=23&pid=1997443
SKUK33618,Camisas con capucha en contraste étnico,https://imgaz1.chiccdn.com/thumb/gallery/oaupload/newchic/images/62/C4/d557427f-c2b3-4501-8bb7-7c6022dd069b.jpg?s=235x313,https://www.newchic.com/es/charmkpr-shirts-12209/p-1997939.html,33.59,4.03,https://www.newchic.com/es/charmkpr-shirts-12209/p-1997939.html?p=40111254531976202019&utm_campaign=affcenter&utm_content=&site=23&pid=1997939
SKUK35650,Bloques de color Patchwork Suelto Pantalones,https://imgaz1.chiccdn.com/thumb/gallery/oaupload/newchic/images/30/C9/ec06c039-3257-4989-9945-b8c582d99cf3.jpg?s=235x313,https://www.newchic.com/es/charmkpr-pants-4975/p-1999022.html,26.45,3.17,https://www.newchic.com/es/charmkpr-pants-4975/p-1999022.html?p=40111254531976202019&utm_campaign=affcenter&utm_content=&site=23&pid=1999022
SKUK11504,Pantalones deportivos estampados Tropical Hoja,https://imgaz1.chiccdn.com/thumb/gallery/oaupload/newchic/images/E5/8B/844c8484-da02-4ccc-a8fd-db3a76b5b6d7.jpg?s=235x313,https://www.newchic.com/es/charmkpr-pants-4975/p-1985193.html,8.4,1.01,https://www.newchic.com/es/charmkpr-pants-4975/p-1985193.html?p=40111254531976202019&utm_campaign=affcenter&utm_content=&site=23&pid=1985193
SKUJ99590,Blusa de media manga con bordado vegetal,https://imgaz1.chiccdn.com/thumb/gallery/oaupload/newchic/images/49/2B/7d6ea741-ac05-4565-93d2-712816cc3fe3.jpg?s=235x313,https://www.newchic.com/es/zanzea-blouses-and-shirts-3689/p-1986200.html,13.64,1.64,https://www.newchic.com/es/zanzea-blouses-and-shirts-3689/p-1986200.html?p=40111254531976202019&utm_campaign=affcenter&utm_content=&site=23&pid=1986200
SKUK17724,Kimono Japonés Paisley Patchwork,https://imgaz1.chiccdn.com/thumb/gallery/oaupload/newchic/images/1C/E3/c724c307-7ab8-4502-b6b0-f91cffb17400.jpg?s=235x313,https://www.newchic.com/es/charmkpr-shirts-12209/p-1988737.html,23.09,2.77,https://www.newchic.com/es/charmkpr-shirts-12209/p-1988737.html?p=40111254531976202019&utm_campaign=affcenter&utm_content=&site=23&pid=1988737
SKUK18656,Camisas de patchwork con estampado japonés de panda,https://imgaz1.chiccdn.com/thumb/gallery/oaupload/newchic/images/ED/4C/b0ef80c3-2957-4af1-a54a-b60e57c346a8.png?s=235x313,https://www.newchic.com/es/charmkpr-shirts-12209/p-1989250.html,17.84,2.14,https://www.newchic.com/es/charmkpr-shirts-12209/p-1989250.html?p=40111254531976202019&utm_campaign=affcenter&utm_content=&site=23&pid=1989250
SKUK19896,Blusa de patchwork con mezcla de lunares,https://imgaz1.chiccdn.com/thumb/gallery/oaupload/newchic/images/F6/2C/7b2f156f-cd4e-4f44-ac39-6c4915125046.jpg?s=235x313,https://www.newchic.com/es/zanzea-blouses-and-shirts-3689/p-1989881.html,8.08,0.97,https://www.newchic.com/es/zanzea-blouses-and-shirts-3689/p-1989881.html?p=40111254531976202019&utm_campaign=affcenter&utm_content=&site=23&pid=1989881
SKUJ98359,Camisas de pintura de tinta de loto,https://imgaz1.chiccdn.com/thumb/gallery/oaupload/newchic/images/F0/2C/4664f0cd-8347-43c7-af1e-1da3f63bb454.jpg?s=235x313,https://www.newchic.com/es/charmkpr-shirts-12209/p-1980330.html,8.63,1.04,https://www.newchic.com/es/charmkpr-shirts-12209/p-1980330.html?p=40111254531976202019&utm_campaign=affcenter&utm_content=&site=23&pid=1980330
SKUK08278,Camisetas con cordón y capucha de patchwork étnico,https://imgaz1.chiccdn.com/thumb/gallery/oaupload/newchic/images/81/2E/48936c8e-a3c0-47cc-8dab-87b15d6d5345.jpg?s=235x313,https://www.newchic.com/es/charmkpr-t-shirts-12208/p-1982834.html,23.09,2.77,https://www.newchic.com/es/charmkpr-t-shirts-12208/p-1982834.html?p=40111254531976202019&utm_campaign=affcenter&utm_content=&site=23&pid=1982834
SKUK07160,Camisetas de patchwork geométrico tribal,https://imgaz1.chiccdn.com/thumb/gallery/oaupload/newchic/images/BB/56/4f37a18d-7064-4294-b17c-4338076b0f50.jpg?s=235x313,https://www.newchic.com/es/charmkpr-t-shirts-12208/p-1984968.html,3.94,0.47,https://www.newchic.com/es/charmkpr-t-shirts-12208/p-1984968.html?p=40111254531976202019&utm_campaign=affcenter&utm_content=&site=23&pid=1984968
SKUJ96341,Pana Geométrica Colorida Pantalones,https://imgaz1.chiccdn.com/thumb/gallery/oaupload/newchic/images/CC/5E/5b5c63b0-2263-40b8-b02f-c9b7590b7b7d.jpg?s=235x313,https://www.newchic.com/es/charmkpr-pants-4975/p-1979769.html,8.44,1.01,https://www.newchic.com/es/charmkpr-pants-4975/p-1979769.html?p=40111254531976202019&utm_campaign=affcenter&utm_content=&site=23&pid=1979769
SKUJ97386,Sudaderas con capucha de pana de dos tonos,https://imgaz1.chiccdn.com/thumb/gallery/oaupload/newchic/images/B7/09/5ff468ce-c507-4229-8e4a-ac4cc0d04e98.jpg?s=235x313,https://www.newchic.com/es/charmkpr-hoodies-12200/p-1979936.html,12.14,1.46,https://www.newchic.com/es/charmkpr-hoodies-12200/p-1979936.html?p=40111254531976202019&utm_campaign=affcenter&utm_content=&site=23&pid=1979936
SKUK22287,Mono sólido con dos bolsillos Mono,https://imgaz1.chiccdn.com/thumb/gallery/oaupload/newchic/images/70/5E/7437ed12-b311-4d7b-b652-ff614bb5dc04.jpg?s=235x313,https://www.newchic.com/es/zanzea-jumpsuits-and-rompers-3702/p-1991070.html,29.39,3.53,https://www.newchic.com/es/zanzea-jumpsuits-and-rompers-3702/p-1991070.html?p=40111254531976202019&utm_campaign=affcenter&utm_content=&site=23&pid=1991070
SKUK22068,Camisetas con bloques de color bordados con sonrisa,https://imgaz1.chiccdn.com/thumb/gallery/oaupload/newchic/images/BD/A5/f892edb0-eec5-4dfc-9e3b-e45645ac595f.jpg?s=235x313,https://www.newchic.com/es/charmkpr-t-shirts-12208/p-1991217.html,15.74,1.89,https://www.newchic.com/es/charmkpr-t-shirts-12208/p-1991217.html?p=40111254531976202019&utm_campaign=affcenter&utm_content=&site=23&pid=1991217
SKUB68830,Casual Color sólido Escote en V Vestido,https://imgaz1.chiccdn.com/thumb/gallery/oaupload/newchic/images/AE/AF/2ce0727f-f1ba-44d7-b21a-16c682bb8599.jpg?s=235x313,https://www.newchic.com/es/zanzea-plus-size-casual-dresses-5221/p-1534208.html,30.44,3.65,https://www.newchic.com/es/zanzea-plus-size-casual-dresses-5221/p-1534208.html?p=40111254531976202019&utm_campaign=affcenter&utm_content=&site=23&pid=1534208
SKUJ02266,Sólido Bolsillo Suelto Carga Pantalones,https://imgaz1.chiccdn.com/thumb/gallery/oaupload/newchic/images/7C/64/ad8a0ad7-9afb-4c1a-b46b-f7b45605fd49.jpg?s=235x313,https://www.newchic.com/es/rinsta-pants-and-capris-3674/p-1934687.html,8.13,0.98,https://www.newchic.com/es/rinsta-pants-and-capris-3674/p-1934687.html?p=40111254531976202019&utm_campaign=affcenter&utm_content=&site=23&pid=1934687
SKUI85301,Pulsera tejida a mano con decoración de cruz con letras,https://imgaz1.chiccdn.com/thumb/gallery/oaupload/newchic/images/E4/05/1c393669-2ce3-44d0-b246-328854ce8b81.jpg?s=235x313,https://www.newchic.com/es/mens-bracelets-4082/p-1923081.html,1.32,0.16,https://www.newchic.com/es/mens-bracelets-4082/p-1923081.html?p=40111254531976202019&utm_campaign=affcenter&utm_content=&site=23&pid=1923081
SKUJ21090,Body liso de manga corta para hombre,https://imgaz1.chiccdn.com/thumb/gallery/oaupload/newchic/images/B1/05/a6b4e83a-d63e-41ff-a768-f4a571a7ae7a.jpg?s=235x313,https://www.newchic.com/es/incerun-onesies-12192/p-1948031.html,16.79,2.01,https://www.newchic.com/es/incerun-onesies-12192/p-1948031.html?p=40111254531976202019&utm_campaign=affcenter&utm_content=&site=23&pid=1948031
SKUJ46614,Chaqueta vaquera con botones en contraste,https://imgaz1.chiccdn.com/thumb/gallery/oaupload/newchic/images/0F/38/dc7110c6-77e5-40ae-a42c-2878b05e66cd.jpg?s=235x313,https://www.newchic.com/es/selfsow-jackets-12229/p-1965703.html,10.16,1.22,https://www.newchic.com/es/selfsow-jackets-12229/p-1965703.html?p=40111254531976202019&utm_campaign=affcenter&utm_content=&site=23&pid=1965703
SKUJ54089,Pantalones cónicos casuales con bolsillo liso,https://imgaz1.chiccdn.com/thumb/gallery/oaupload/newchic/images/E1/13/43587360-3e29-4458-ad85-02c4d4b9d247.jpg?s=235x313,https://www.newchic.com/es/incerun-pants-4975/p-1973107.html,29.39,3.53,https://www.newchic.com/es/incerun-pants-4975/p-1973107.html?p=40111254531976202019&utm_campaign=affcenter&utm_content=&site=23&pid=1973107
SKUJ90183,Sudaderas étnicas Patrón con bolsillo de canguro,https://imgaz1.chiccdn.com/thumb/gallery/oaupload/newchic/images/0B/EB/b7902c06-06cb-4a29-97e9-0028b2ac2a23.jpg?s=235x313,https://www.newchic.com/es/charmkpr-hoodies-12200/p-1973743.html,28.99,3.48,https://www.newchic.com/es/charmkpr-hoodies-12200/p-1973743.html?p=40111254531976202019&utm_campaign=affcenter&utm_content=&site=23&pid=1973743
SKUK36905,Chaqueta con patchwork y bloques de color,https://imgaz1.chiccdn.com/thumb/gallery/oaupload/newchic/images/E8/03/d33113a4-8a4d-40c9-8036-f0fa9f4fd1b4.jpg?s=235x313,https://www.newchic.com/es/charmkpr-jackets-4972/p-2000177.html,39.89,4.79,https://www.newchic.com/es/charmkpr-jackets-4972/p-2000177.html?p=40111254531976202019&utm_campaign=affcenter&utm_content=&site=23&pid=2000177
SKUK14721,Lentejuelas Bolsillo Empalme Algodón Vestido,https://imgaz1.chiccdn.com/thumb/gallery/oaupload/newchic/images/DD/AF/d7d36a7e-3e3e-4ad9-8d2c-6f84492d0006.jpg?s=235x313,https://www.newchic.com/es/zanzea-vintage-dresses-3664/p-1995077.html,26.24,3.15,https://www.newchic.com/es/zanzea-vintage-dresses-3664/p-1995077.html?p=40111254531976202019&utm_campaign=affcenter&utm_content=&site=23&pid=1995077
SKUK32852,Sudaderas con capucha con cordón y patchwork en bloques de color,https://imgaz1.chiccdn.com/thumb/gallery/oaupload/newchic/images/A3/EE/bc516b51-527b-4086-8476-227998849d80.png?s=235x313,https://www.newchic.com/es/charmkpr-hoodies-12200/p-1997277.html,17.04,2.04,https://www.newchic.com/es/charmkpr-hoodies-12200/p-1997277.html?p=40111254531976202019&utm_campaign=affcenter&utm_content=&site=23&pid=1997277
SKUK33033,Camisas étnicas con patchwork geométrico,https://imgaz1.chiccdn.com/thumb/gallery/oaupload/newchic/images/B1/3D/83de351f-0cef-4c87-b2f0-355a9ea9a90c.jpg?s=235x313,https://www.newchic.com/es/charmkpr-shirts-12209/p-1997941.html,27.29,3.27,https://www.newchic.com/es/charmkpr-shirts-12209/p-1997941.html?p=40111254531976202019&utm_campaign=affcenter&utm_content=&site=23&pid=1997941
SKUK09324,Body de punto acanalado Solid Scoop Cuello,https://imgaz1.chiccdn.com/thumb/gallery/oaupload/newchic/images/9D/DD/30fb6c52-b239-4f1e-8d04-e2f81b2e3cb0.jpg?s=235x313,https://www.newchic.com/es/incerun-onesies-12192/p-1988881.html,16.79,2.01,https://www.newchic.com/es/incerun-onesies-12192/p-1988881.html?p=40111254531976202019&utm_campaign=affcenter&utm_content=&site=23&pid=1988881
SKUK18579,Kimono japonés Wave Ukiyoe,https://imgaz1.chiccdn.com/thumb/gallery/oaupload/newchic/images/4E/55/f09dff79-a584-4925-8c86-e12a5fd10214.jpg?s=235x313,https://www.newchic.com/es/charmkpr-shirts-12209/p-1989939.html,7.35,0.88,https://www.newchic.com/es/charmkpr-shirts-12209/p-1989939.html?p=40111254531976202019&utm_campaign=affcenter&utm_content=&site=23&pid=1989939
SKUK18837,Paisaje con cordones Cuello Camisetas,https://imgaz1.chiccdn.com/thumb/gallery/oaupload/newchic/images/0B/91/8302427b-85be-49b5-ae30-58673d229b00.png?s=235x313,https://www.newchic.com/es/charmkpr-t-shirts-12208/p-1989945.html,18.89,2.27,https://www.newchic.com/es/charmkpr-t-shirts-12208/p-1989945.html?p=40111254531976202019&utm_campaign=affcenter&utm_content=&site=23&pid=1989945
SKUK05175,Camisetas con capucha de textura geométrica monocromática,https://imgaz1.chiccdn.com/thumb/gallery/oaupload/newchic/images/D4/56/8a02f88d-57d1-4a20-bdfa-ffbfceb923b4.jpg?s=235x313,https://www.newchic.com/es/charmkpr-t-shirts-12208/p-1981183.html,24.14,2.9,https://www.newchic.com/es/charmkpr-t-shirts-12208/p-1981183.html?p=40111254531976202019&utm_campaign=affcenter&utm_content=&site=23&pid=1981183
SKUJ93683,Mens Ethnic Pattern Embroidered Button Up Long Sleeve Shirts,https://imgaz1.chiccdn.com/thumb/gallery/oaupload/newchic/images/D7/B6/767eea7f-4107-4204-a108-3a51b1782468.jpg?s=235x313,https://www.newchic.com/es/charmkpr-shirts-12209/p-1978450.html,8.08,0.97,https://www.newchic.com/es/charmkpr-shirts-12209/p-1978450.html?p=40111254531976202019&utm_campaign=affcenter&utm_content=&site=23&pid=1978450
SKUK23087,Floral Planta Media manga Vestido,https://imgaz1.chiccdn.com/thumb/gallery/oaupload/newchic/images/3E/2D/6d129077-9206-4512-a557-83e5ef31ecf5.jpg?s=235x313,https://www.newchic.com/es/zanzea-print-dresses-3677/p-1991626.html,12.34,1.48,https://www.newchic.com/es/zanzea-print-dresses-3677/p-1991626.html?p=40111254531976202019&utm_campaign=affcenter&utm_content=&site=23&pid=1991626
SKUK23930,Pantalón corto casual de punto texturizado,https://imgaz1.chiccdn.com/thumb/gallery/oaupload/newchic/images/D9/62/be4f280f-fbb0-4300-b2b7-cdeaa2e58331.jpg?s=235x313,https://www.newchic.com/es/charmkpr-shorts-4976/p-1991745.html,26.45,3.17,https://www.newchic.com/es/charmkpr-shorts-4976/p-1991745.html?p=40111254531976202019&utm_campaign=affcenter&utm_content=&site=23&pid=1991745
SKUK23992,Shorts con estampado de dragón en contraste,https://imgaz1.chiccdn.com/thumb/gallery/oaupload/newchic/images/46/C6/ce5bf8e6-25a8-4a42-86af-4dac500174ca.jpg?s=235x313,https://www.newchic.com/es/charmkpr-shorts-4976/p-1991972.html,9.31,1.12,https://www.newchic.com/es/charmkpr-shorts-4976/p-1991972.html?p=40111254531976202019&utm_campaign=affcenter&utm_content=&site=23&pid=1991972
SKUA13828,Camiseta con hombros descubiertos y patchwork de encaje,https://imgaz1.chiccdn.com/thumb/gallery/oaupload/newchic/images/76/02/50343de0-3c1d-4c2d-905b-41a5af50280d.jpeg?s=235x313,https://www.newchic.com/es/yoins-t-shirts-3666/p-1356097.html,6.86,0.82,https://www.newchic.com/es/yoins-t-shirts-3666/p-1356097.html?p=40111254531976202019&utm_campaign=affcenter&utm_content=&site=23&pid=1356097
SKU577072,Cortina de puerta de la paja de la jerarquía del pájaro de la moda,https://imgaz1.chiccdn.com/thumb/gallery/oaupload/banggood/images/46/5A/88f6fc0a-4192-41fc-9fd9-0e3665bb1b25.jpg?s=235x235,https://www.newchic.com/es/honana-drapes-and-curtains-5007/p-1129863.html,8.15,0.98,https://www.newchic.com/es/honana-drapes-and-curtains-5007/p-1129863.html?p=40111254531976202019&utm_campaign=affcenter&utm_content=&site=23&pid=1129863
SKU754036,Tetera de báscula digital eléctrica con termómetro ambiental en cocina,https://imgaz1.chiccdn.com/thumb/gallery/oaupload/newchic/images/D3/A5/883f587c-5a99-4172-ae5d-9d028e4fd04c.jpg?s=235x313,https://www.newchic.com/es/kitchen-scale-tool-5793/p-1194282.html,9.15,1.1,https://www.newchic.com/es/kitchen-scale-tool-5793/p-1194282.html?p=40111254531976202019&utm_campaign=affcenter&utm_content=&site=23&pid=1194282
SKU367335,Blusa casual asimétrica de color sólido,https://imgaz1.chiccdn.com/thumb/gallery/oaupload/newchic/images/83/D9/bce131cf-f6f5-41fe-814b-07bfcd00cfe3.jpg?s=235x313,https://www.newchic.com/es/zanzea-plus-size-blouses-and-shirts-3956/p-1475797.html,16.95,2.03,https://www.newchic.com/es/zanzea-plus-size-blouses-and-shirts-3956/p-1475797.html?p=40111254531976202019&utm_campaign=affcenter&utm_content=&site=23&pid=1475797
SKUC04677,Solapa casual larga Camisa,https://imgaz1.chiccdn.com/thumb/gallery/oaupload/newchic/images/67/53/d34cf4ad-a5fe-4350-9627-20333dae5454.jpg?s=235x313,https://www.newchic.com/es/plus-size-blouses-and-shirts-3956/p-1641039.html,26.55,3.19,https://www.newchic.com/es/plus-size-blouses-and-shirts-3956/p-1641039.html?p=40111254531976202019&utm_campaign=affcenter&utm_content=&site=23&pid=1641039
SKUE39549,Estampado de leopardo y Zebra rayas Camisa,https://imgaz1.chiccdn.com/thumb/gallery/oaupload/newchic/images/60/29/fcebc517-5870-482d-8a72-bf5c52e65a17.jpg?s=235x313,https://www.newchic.com/es/charmkpr-shirts-12209/p-1646111.html,4.6,0.55,https://www.newchic.com/es/charmkpr-shirts-12209/p-1646111.html?p=40111254531976202019&utm_campaign=affcenter&utm_content=&site=23&pid=1646111
SKUF26083,Estampado de rayas coloridas Camisa,https://imgaz1.chiccdn.com/thumb/gallery/oaupload/newchic/images/3D/97/bed2fafd-a2c5-4b88-914e-d2a514656ebc.jpg?s=235x313,https://www.newchic.com/es/charmkpr-shirts-12209/p-1683640.html,5.75,0.69,https://www.newchic.com/es/charmkpr-shirts-12209/p-1683640.html?p=40111254531976202019&utm_campaign=affcenter&utm_content=&site=23&pid=1683640
SKUJ05713,ChArmKpr Étnico Patrón Camisetas,https://imgaz1.chiccdn.com/thumb/gallery/oaupload/newchic/images/D3/62/124561df-2573-4b16-9490-4bf10553f378.jpeg?s=235x313,https://www.newchic.com/es/charmkpr-t-shirts-12208/p-1934760.html,17.84,2.14,https://www.newchic.com/es/charmkpr-t-shirts-12208/p-1934760.html?p=40111254531976202019&utm_campaign=affcenter&utm_content=&site=23&pid=1934760
SKUI52822,Camiseta de manga larga con protector solar de malla brillante para hombre,https://imgaz1.chiccdn.com/thumb/gallery/oaupload/newchic/images/8D/34/4f8213ad-7d93-43a0-a49b-d6aa76315f63.jpg?s=235x313,https://www.newchic.com/es/incerun-t-shirts-12208/p-1945985.html,24.03,2.88,https://www.newchic.com/es/incerun-t-shirts-12208/p-1945985.html?p=40111254531976202019&utm_campaign=affcenter&utm_content=&site=23&pid=1945985
SKUI62968,Camiseta de manga larga con cuello redondo,https://imgaz1.chiccdn.com/thumb/gallery/oaupload/newchic/images/F6/AB/a8d033cc-ffbd-4e01-bd3c-960decd750ce.jpg?s=235x313,https://www.newchic.com/es/incerun-t-shirts-12208/p-1946145.html,24.14,2.9,https://www.newchic.com/es/incerun-t-shirts-12208/p-1946145.html?p=40111254531976202019&utm_campaign=affcenter&utm_content=&site=23&pid=1946145
SKUJ22721,Camisetas con capucha de patchwork con estampado geométrico,https://imgaz1.chiccdn.com/thumb/gallery/oaupload/newchic/images/CC/EB/7213876b-e078-4d0d-b075-367f3f272109.jpg?s=235x313,https://www.newchic.com/es/charmkpr-t-shirts-12208/p-1948190.html,23.09,2.77,https://www.newchic.com/es/charmkpr-t-shirts-12208/p-1948190.html?p=40111254531976202019&utm_campaign=affcenter&utm_content=&site=23&pid=1948190
SKUG60704,Hombres y Mujer Invierno grueso a prueba de frío con Mascara Trapper Sombrero,https://imgaz1.chiccdn.com/thumb/gallery/oaupload/newchic/images/0E/5E/6a00e5cf-781c-468d-94f5-b98e1d890be0.jpg?s=235x313,https://www.newchic.com/es/trapper-hat-12166/p-1769538.html,5.03,0.6,https://www.newchic.com/es/trapper-hat-12166/p-1769538.html?p=40111254531976202019&utm_campaign=affcenter&utm_content=&site=23&pid=1769538
SKUG51561,Bolsillos de pana de color liso Mono,https://imgaz1.chiccdn.com/thumb/gallery/oaupload/newchic/images/BF/C4/8df2b1fb-590f-42a7-b135-6fa167ac84e3.jpg?s=235x313,https://www.newchic.com/es/zanzea-jumpsuits-and-rompers-3702/p-1792847.html,27.99,3.36,https://www.newchic.com/es/zanzea-jumpsuits-and-rompers-3702/p-1792847.html?p=40111254531976202019&utm_campaign=affcenter&utm_content=&site=23&pid=1792847
SKUG87491,Hombres Hip Hop Street Style Bolsillo con cremallera Carga Pantalones,https://imgaz1.chiccdn.com/thumb/gallery/oaupload/newchic/images/6A/32/05273944-a567-48ab-90f5-baa0aee52945.jpg?s=235x313,https://www.newchic.com/es/koyye-pants-4975/p-1808134.html,10,1.2,https://www.newchic.com/es/koyye-pants-4975/p-1808134.html?p=40111254531976202019&utm_campaign=affcenter&utm_content=&site=23&pid=1808134
SKUJ46836,Camisetas con estampado japonés Cute Gato,https://imgaz1.chiccdn.com/thumb/gallery/oaupload/newchic/images/E9/65/05a3ebb7-07d2-4b6f-b382-8845450b7429.jpg?s=235x313,https://www.newchic.com/es/mensclo-t-shirts-12208/p-1965514.html,6.3,0.76,https://www.newchic.com/es/mensclo-t-shirts-12208/p-1965514.html?p=40111254531976202019&utm_campaign=affcenter&utm_content=&site=23&pid=1965514
SKUJ45176,Blusa con cuello en V y ribete de volantes de talla grande,https://imgaz1.chiccdn.com/thumb/gallery/oaupload/newchic/images/27/EF/81e6c60b-3a0a-4112-939b-2c31e25edf8d.jpg?s=235x313,https://www.newchic.com/es/yoins-plus-size-blouses-and-shirts-3956/p-1966948.html,15.11,1.81,https://www.newchic.com/es/yoins-plus-size-blouses-and-shirts-3956/p-1966948.html?p=40111254531976202019&utm_campaign=affcenter&utm_content=&site=23&pid=1966948
SKUJ51418,Polos con diseño de cremallera Texure,https://imgaz1.chiccdn.com/thumb/gallery/oaupload/newchic/images/EF/D9/89221ae8-99ef-4260-8446-b079f0f1c9a1.png?s=235x313,https://www.newchic.com/es/charmkpr-henley-shirts-12211/p-1968565.html,7.98,0.96,https://www.newchic.com/es/charmkpr-henley-shirts-12211/p-1968565.html?p=40111254531976202019&utm_campaign=affcenter&utm_content=&site=23&pid=1968565
SKUJ51488,Pana con raya lateral Pantalones,https://imgaz1.chiccdn.com/thumb/gallery/oaupload/newchic/images/FB/90/806ddb76-010a-418a-a429-cb95a1adc8fc.jpg?s=235x313,https://www.newchic.com/es/mensclo-pants-4975/p-1968786.html,8.16,0.98,https://www.newchic.com/es/mensclo-pants-4975/p-1968786.html?p=40111254531976202019&utm_campaign=affcenter&utm_content=&site=23&pid=1968786
SKUJ51560,Camisas de golf con parches de patchwork en contraste,https://imgaz1.chiccdn.com/thumb/gallery/oaupload/newchic/images/81/E0/271bfe33-dddc-4b57-8a23-78dd86e94dbf.jpg?s=235x313,https://www.newchic.com/es/mensclo-golf-shirts-12210/p-1968790.html,8.16,0.98,https://www.newchic.com/es/mensclo-golf-shirts-12210/p-1968790.html?p=40111254531976202019&utm_campaign=affcenter&utm_content=&site=23&pid=1968790
SKUJ37798,Hombres Shimmer See Through Fishnet Coverup Pantalones,https://imgaz1.chiccdn.com/thumb/gallery/oaupload/newchic/images/F7/E1/1d7c9a15-e10d-4bcd-91c0-8df702af8d62.jpg?s=235x313,https://www.newchic.com/es/incerun-pants-4975/p-1960337.html,22.77,2.73,https://www.newchic.com/es/incerun-pants-4975/p-1960337.html?p=40111254531976202019&utm_campaign=affcenter&utm_content=&site=23&pid=1960337
SKUJ55564,Camisas étnicas de patchwork de pana,https://imgaz1.chiccdn.com/thumb/gallery/oaupload/newchic/images/CC/2E/4ecd8a02-02ce-4c9a-b540-6d9f85e0d979.jpg?s=235x313,https://www.newchic.com/es/charmkpr-shirts-12209/p-1970371.html,14.7,1.76,https://www.newchic.com/es/charmkpr-shirts-12209/p-1970371.html?p=40111254531976202019&utm_campaign=affcenter&utm_content=&site=23&pid=1970371
SKUJ89620,Botón de rana sólido Informal Vestido,https://imgaz1.chiccdn.com/thumb/gallery/oaupload/newchic/images/9F/15/044d8bcf-399d-46cd-9df7-973e960c1fec.jpg?s=235x313,https://www.newchic.com/es/zanzea-casual-dresses-5073/p-1974078.html,8.66,1.04,https://www.newchic.com/es/zanzea-casual-dresses-5073/p-1974078.html?p=40111254531976202019&utm_campaign=affcenter&utm_content=&site=23&pid=1974078
SKUK38643,Sudaderas de polar con cuello alto en contraste,https://imgaz1.chiccdn.com/thumb/gallery/oaupload/newchic/images/95/B0/b7cab0d6-4b4b-445c-8c68-4fa7761d8224.png?s=235x313,https://www.newchic.com/es/charmkpr-sweatshirts-12201/p-2001205.html,21.73,2.61,https://www.newchic.com/es/charmkpr-sweatshirts-12201/p-2001205.html?p=40111254531976202019&utm_campaign=affcenter&utm_content=&site=23&pid=2001205
SKUK37904,Linda Navidad Gato Camisetas gráficas,https://imgaz1.chiccdn.com/thumb/gallery/oaupload/newchic/images/6C/E1/935fe6ce-3083-4d78-9fbd-7997f4fb4b30.jpg?s=235x313,https://www.newchic.com/es/charmkpr-t-shirts-12208/p-2001352.html,16.06,1.93,https://www.newchic.com/es/charmkpr-t-shirts-12208/p-2001352.html?p=40111254531976202019&utm_campaign=affcenter&utm_content=&site=23&pid=2001352
SKUK39381,Sudaderas con capucha con estampado de letras Ninja,https://imgaz1.chiccdn.com/thumb/gallery/oaupload/newchic/images/42/14/c71eddb2-5d96-4a51-8d64-30ed735eda92.jpg?s=235x313,https://www.newchic.com/es/charmkpr-hoodies-12200/p-2001976.html,22.99,2.76,https://www.newchic.com/es/charmkpr-hoodies-12200/p-2001976.html?p=40111254531976202019&utm_campaign=affcenter&utm_content=&site=23&pid=2001976
SKUK40453,Camisas vintage con bloques de color,https://imgaz1.chiccdn.com/thumb/gallery/oaupload/newchic/images/AA/E2/2561d776-618c-4008-b6ee-cbcd23ba8052.jpg?s=235x313,https://www.newchic.com/es/charmkpr-shirts-12209/p-2002335.html,26.24,3.15,https://www.newchic.com/es/charmkpr-shirts-12209/p-2002335.html?p=40111254531976202019&utm_campaign=affcenter&utm_content=&site=23&pid=2002335
SKUK40738,Camisas con estampado de sonrisa de rayas de colores,https://imgaz1.chiccdn.com/thumb/gallery/oaupload/newchic/images/BD/B0/74ef1155-e519-4d6d-8147-6d7a95b3e81b.jpg?s=235x313,https://www.newchic.com/es/charmkpr-shirts-12209/p-2002470.html,17.99,2.16,https://www.newchic.com/es/charmkpr-shirts-12209/p-2002470.html?p=40111254531976202019&utm_campaign=affcenter&utm_content=&site=23&pid=2002470
SKUK40596,Camisas con estampado de pollo navideño en toda la prenda,https://imgaz1.chiccdn.com/thumb/gallery/oaupload/newchic/images/75/6E/ca6a736c-6af9-41c9-9128-4c1aaf814180.jpg?s=235x313,https://www.newchic.com/es/charmkpr-shirts-12209/p-2002562.html,17.99,2.16,https://www.newchic.com/es/charmkpr-shirts-12209/p-2002562.html?p=40111254531976202019&utm_campaign=affcenter&utm_content=&site=23&pid=2002562
SKUK41956,Camisetas rana japonesa,https://imgaz1.chiccdn.com/thumb/gallery/oaupload/newchic/images/D0/80/70a74b0c-9a7a-41d9-900b-8db74a76e2b2.jpg?s=235x313,https://www.newchic.com/es/charmkpr-t-shirts-12208/p-2003168.html,14.99,1.8,https://www.newchic.com/es/charmkpr-t-shirts-12208/p-2003168.html?p=40111254531976202019&utm_campaign=affcenter&utm_content=&site=23&pid=2003168
SKUK41627,Sudaderas de pana con rayas laterales,https://imgaz1.chiccdn.com/thumb/gallery/oaupload/newchic/images/1E/7F/dd1d8ab5-f737-4aeb-8a95-41ca7cf3f697.jpg?s=235x313,https://www.newchic.com/es/charmkpr-sweatshirts-12201/p-2003236.html,24.14,2.9,https://www.newchic.com/es/charmkpr-sweatshirts-12201/p-2003236.html?p=40111254531976202019&utm_campaign=affcenter&utm_content=&site=23&pid=2003236
SKUK41426,Sudaderas étnicas con patchwork geométrico,https://imgaz1.chiccdn.com/thumb/gallery/oaupload/newchic/images/16/2D/870705f1-5858-4ab9-9e11-09fbbf39209e.jpg?s=235x313,https://www.newchic.com/es/charmkpr-sweatshirts-12201/p-2003604.html,28.34,3.4,https://www.newchic.com/es/charmkpr-sweatshirts-12201/p-2003604.html?p=40111254531976202019&utm_campaign=affcenter&utm_content=&site=23&pid=2003604
SKUK41427,Sudaderas con capucha de lana con patchwork geométrico étnico,https://imgaz1.chiccdn.com/thumb/gallery/oaupload/newchic/images/C8/67/72cf4cc6-e95a-489e-a9ce-85ae9413b6ae.jpg?s=235x313,https://www.newchic.com/es/charmkpr-hoodies-12200/p-2003607.html,28.34,3.4,https://www.newchic.com/es/charmkpr-hoodies-12200/p-2003607.html?p=40111254531976202019&utm_campaign=affcenter&utm_content=&site=23&pid=2003607
SKUK41625,Sudaderas con capucha con estampado floral de ondas japonesas,https://imgaz1.chiccdn.com/thumb/gallery/oaupload/newchic/images/0D/84/b67c4b73-1a1b-4d93-af81-042c1f91f2b1.jpg?s=235x313,https://www.newchic.com/es/charmkpr-hoodies-12200/p-2003629.html,24.14,2.9,https://www.newchic.com/es/charmkpr-hoodies-12200/p-2003629.html?p=40111254531976202019&utm_campaign=affcenter&utm_content=&site=23&pid=2003629
SKUK42555,Sudaderas con capucha de patchwork con estampado de rombos étnicos,https://imgaz1.chiccdn.com/thumb/gallery/oaupload/newchic/images/2B/7B/49f9ba72-6af3-4c7b-a714-d17473595ab6.jpg?s=235x313,https://www.newchic.com/es/charmkpr-hoodies-12200/p-2003791.html,31.49,3.78,https://www.newchic.com/es/charmkpr-hoodies-12200/p-2003791.html?p=40111254531976202019&utm_campaign=affcenter&utm_content=&site=23&pid=2003791
SKUK43080,Chaqueta Étnica Geo Con Capucha Camisa,https://imgaz1.chiccdn.com/thumb/gallery/oaupload/newchic/images/5F/C9/72946210-b250-45ef-b656-15f53a34b65a.jpg?s=235x313,https://www.newchic.com/es/charmkpr-jackets-4972/p-2003809.html,39.89,4.79,https://www.newchic.com/es/charmkpr-jackets-4972/p-2003809.html?p=40111254531976202019&utm_campaign=affcenter&utm_content=&site=23&pid=2003809
SKUK42328,Chaqueta polar con patchwork en bloques de color,https://imgaz1.chiccdn.com/thumb/gallery/oaupload/newchic/images/B5/28/aaeb72a0-c65a-4c7f-a239-39d72062057c.jpg?s=235x313,https://www.newchic.com/es/charmkpr-jackets-4972/p-2004018.html,39.89,4.79,https://www.newchic.com/es/charmkpr-jackets-4972/p-2004018.html?p=40111254531976202019&utm_campaign=affcenter&utm_content=&site=23&pid=2004018
SKUK43203,Patchwork lateral con estampado de cachemira Pantalones,https://imgaz1.chiccdn.com/thumb/gallery/oaupload/newchic/images/6F/50/7054cf9d-0363-49cf-bbe5-181e0a7a376e.jpg?s=235x313,https://www.newchic.com/es/charmkpr-pants-4975/p-2004181.html,30.23,3.63,https://www.newchic.com/es/charmkpr-pants-4975/p-2004181.html?p=40111254531976202019&utm_campaign=affcenter&utm_content=&site=23&pid=2004181
SKUK42479,Sudaderas con capucha de patchwork en contraste étnico,https://imgaz1.chiccdn.com/thumb/gallery/oaupload/newchic/images/AC/04/504e2f8b-400f-4a1a-a907-66f21df39925.jpg?s=235x313,https://www.newchic.com/es/charmkpr-hoodies-12200/p-2004193.html,25.51,3.06,https://www.newchic.com/es/charmkpr-hoodies-12200/p-2004193.html?p=40111254531976202019&utm_campaign=affcenter&utm_content=&site=23&pid=2004193
SKUK43721,Sudaderas con capucha con estampado de paisaje japonés Dragón,https://imgaz1.chiccdn.com/thumb/gallery/oaupload/newchic/images/45/C4/164257f9-d69c-4aa5-8a25-38cfd9e07186.jpg?s=235x313,https://www.newchic.com/es/charmkpr-hoodies-12200/p-2004246.html,22.99,2.76,https://www.newchic.com/es/charmkpr-hoodies-12200/p-2004246.html?p=40111254531976202019&utm_campaign=affcenter&utm_content=&site=23&pid=2004246
SKUK44253,Chaqueta con estampado japonés Dragón,https://imgaz1.chiccdn.com/thumb/gallery/oaupload/newchic/images/2C/7A/b7984dc2-c081-41fb-b988-ada5d2f2de25.jpg?s=235x313,https://www.newchic.com/es/charmkpr-jackets-4972/p-2004500.html,36.74,4.41,https://www.newchic.com/es/charmkpr-jackets-4972/p-2004500.html?p=40111254531976202019&utm_campaign=affcenter&utm_content=&site=23&pid=2004500
SKUJ46534,Camisas de golf de pana sólida,https://imgaz1.chiccdn.com/thumb/gallery/oaupload/newchic/images/44/31/71980903-6153-4ecd-a7b9-4a88e64a1fe3.jpg?s=235x313,https://www.newchic.com/es/mensclo-golf-shirts-12210/p-1997220.html,6.3,0.76,https://www.newchic.com/es/mensclo-golf-shirts-12210/p-1997220.html?p=40111254531976202019&utm_campaign=affcenter&utm_content=&site=23&pid=1997220
SKUK34279,Sudaderas con patchwork de personajes japoneses,https://imgaz1.chiccdn.com/thumb/gallery/oaupload/newchic/images/E9/67/a9c09c06-1694-4237-b11f-042f2500c6b2.jpg?s=235x313,https://www.newchic.com/es/charmkpr-sweatshirts-12201/p-1998429.html,24.14,2.9,https://www.newchic.com/es/charmkpr-sweatshirts-12201/p-1998429.html?p=40111254531976202019&utm_campaign=affcenter&utm_content=&site=23&pid=1998429
SKUK34267,Sudaderas con bloques de color y estampado japonés,https://imgaz1.chiccdn.com/thumb/gallery/oaupload/newchic/images/AE/FA/6a0e9a5a-4816-430e-b04f-9b43b33ff44a.png?s=235x313,https://www.newchic.com/es/charmkpr-sweatshirts-12201/p-1998572.html,24.14,2.9,https://www.newchic.com/es/charmkpr-sweatshirts-12201/p-1998572.html?p=40111254531976202019&utm_campaign=affcenter&utm_content=&site=23&pid=1998572
SKUJ93491,Botón sólido Diseño Total,https://imgaz1.chiccdn.com/thumb/gallery/oaupload/newchic/images/82/EA/acd31740-1a0d-4c10-b612-07be58ae31e3.jpg?s=235x313,https://www.newchic.com/es/incerun-overalls-13822/p-1986621.html,28.34,3.4,https://www.newchic.com/es/incerun-overalls-13822/p-1986621.html?p=40111254531976202019&utm_campaign=affcenter&utm_content=&site=23&pid=1986621
SKUK12303,Patchwork con estampado de letras abstractas Pantalones,https://imgaz1.chiccdn.com/thumb/gallery/oaupload/newchic/images/BB/BB/4744d3a8-bf42-4389-bc1a-4ef4d958d8b4.jpg?s=235x313,https://www.newchic.com/es/charmkpr-pants-4975/p-1987737.html,9.4,1.13,https://www.newchic.com/es/charmkpr-pants-4975/p-1987737.html?p=40111254531976202019&utm_campaign=affcenter&utm_content=&site=23&pid=1987737
SKUK03789,Shorts de patchwork con estampado floral,https://imgaz1.chiccdn.com/thumb/gallery/oaupload/newchic/images/E2/B7/5079381d-5434-40a3-9b8f-1ba65a11a688.jpg?s=235x313,https://www.newchic.com/es/charmkpr-shorts-4976/p-1982746.html,7.35,0.88,https://www.newchic.com/es/charmkpr-shorts-4976/p-1982746.html?p=40111254531976202019&utm_campaign=affcenter&utm_content=&site=23&pid=1982746
SKUK09112,Camisetas con estampado de carpas japonesas,https://imgaz1.chiccdn.com/thumb/gallery/oaupload/newchic/images/0B/A5/74474175-33c2-4377-aba9-cecda1f07088.jpg?s=235x313,https://www.newchic.com/es/charmkpr-t-shirts-12208/p-1983584.html,4.72,0.57,https://www.newchic.com/es/charmkpr-t-shirts-12208/p-1983584.html?p=40111254531976202019&utm_campaign=affcenter&utm_content=&site=23&pid=1983584
SKUK07243,Camisas de solapa con estampado floral Planta,https://imgaz1.chiccdn.com/thumb/gallery/oaupload/newchic/images/3A/2A/31fe97f7-3765-428a-86b7-708dfac418b9.jpg?s=235x313,https://www.newchic.com/es/charmkpr-shirts-12209/p-1984910.html,4.72,0.57,https://www.newchic.com/es/charmkpr-shirts-12209/p-1984910.html?p=40111254531976202019&utm_campaign=affcenter&utm_content=&site=23&pid=1984910
SKUJ91442,Bolsillo canguro de patchwork Capucha,https://imgaz1.chiccdn.com/thumb/gallery/oaupload/newchic/images/9B/2E/bc62a3d2-54e5-42d9-b0fa-006f25f33976.jpg?s=235x313,https://www.newchic.com/es/zanzea-hoodies-12235/p-1975487.html,7.87,0.94,https://www.newchic.com/es/zanzea-hoodies-12235/p-1975487.html?p=40111254531976202019&utm_campaign=affcenter&utm_content=&site=23&pid=1975487
SKUI22173,Gorra de béisbol de patchwork color-match para hombre,https://imgaz1.chiccdn.com/thumb/gallery/oaupload/newchic/images/8D/12/dbb13b87-9a46-47bf-be6b-7efe0a29044a.jpg?s=235x313,https://www.newchic.com/es/baseball-caps-12158/p-1876025.html,5.14,0.62,https://www.newchic.com/es/baseball-caps-12158/p-1876025.html?p=40111254531976202019&utm_campaign=affcenter&utm_content=&site=23&pid=1876025
SKUE25255,Sombrero sin ala Cráneo con bordado de letras en color liso,https://imgaz1.chiccdn.com/thumb/gallery/oaupload/newchic/images/33/96/8122323a-72a0-4413-abde-47061b0f0a6d.jpg?s=235x313,https://www.newchic.com/es/skull-caps-12161/p-1613800.html,5.51,0.66,https://www.newchic.com/es/skull-caps-12161/p-1613800.html?p=40111254531976202019&utm_campaign=affcenter&utm_content=&site=23&pid=1613800
SKUK22395,Pantalones cortos japoneses Wave Ukiyoe,https://imgaz1.chiccdn.com/thumb/gallery/oaupload/newchic/images/26/30/4e2f2ce3-7812-432f-a468-f9c4fed069d4.jpg?s=235x313,https://www.newchic.com/es/charmkpr-shorts-4976/p-1991411.html,29.39,3.53,https://www.newchic.com/es/charmkpr-shorts-4976/p-1991411.html?p=40111254531976202019&utm_campaign=affcenter&utm_content=&site=23&pid=1991411
SKUK23391,Paisley Patchwork Medio Botón Camisa,https://imgaz1.chiccdn.com/thumb/gallery/oaupload/newchic/images/52/A0/3f7015fd-c5a5-4509-806d-8a6228e0792b.jpg?s=235x313,https://www.newchic.com/es/zanzea-blouses-and-shirts-3689/p-1991897.html,9.18,1.1,https://www.newchic.com/es/zanzea-blouses-and-shirts-3689/p-1991897.html?p=40111254531976202019&utm_campaign=affcenter&utm_content=&site=23&pid=1991897
SKUK27086,Blusa de algodón liso con dobladillo irregular,https://imgaz1.chiccdn.com/thumb/gallery/oaupload/newchic/images/45/5B/9357225b-3905-4809-95eb-8cd4f3e6ac35.jpg?s=235x313,https://www.newchic.com/es/newchic-blouses-and-shirts-3689/p-1993713.html,5.51,0.66,https://www.newchic.com/es/newchic-blouses-and-shirts-3689/p-1993713.html?p=40111254531976202019&utm_campaign=affcenter&utm_content=&site=23&pid=1993713
SKUA31014,Mujer Knit Sombrero,https://imgaz1.chiccdn.com/thumb/gallery/oaupload/newchic/images/8D/27/b30f20f9-c84d-41b4-b055-61160b36895e.jpg?s=235x313,https://www.newchic.com/es/beanie-hat-12168/p-1362186.html,3.53,0.42,https://www.newchic.com/es/beanie-hat-12168/p-1362186.html?p=40111254531976202019&utm_campaign=affcenter&utm_content=&site=23&pid=1362186
SKU844893,Conjunto de invierno de punto a juego Sombrero y guante,https://imgaz1.chiccdn.com/thumb/gallery/oaupload/newchic/images/61/32/59cd5389-76a8-4ac8-a8c4-1da0fac3e73f.jpg?s=235x313,https://www.newchic.com/es/beanie-hat-12168/p-1241631.html,5.47,0.66,https://www.newchic.com/es/beanie-hat-12168/p-1241631.html?p=40111254531976202019&utm_campaign=affcenter&utm_content=&site=23&pid=1241631
SKUD02249,Cárdigans irregulares de color sólido para hombre,https://imgaz1.chiccdn.com/thumb/gallery/oaupload/newchic/images/C4/B2/13c78d1f-af56-4aa7-9b45-3bb4591530b0.jpg?s=235x313,https://www.newchic.com/es/incerun-cardigans-12199/p-1584023.html,26.95,3.23,https://www.newchic.com/es/incerun-cardigans-12199/p-1584023.html?p=40111254531976202019&utm_campaign=affcenter&utm_content=&site=23&pid=1584023
SKUJ30252,Camisetas astronauta galaxia,https://imgaz1.chiccdn.com/thumb/gallery/oaupload/newchic/images/D2/3F/c07f798f-b3d0-42c0-8acb-1522c7e9cdd7.jpg?s=235x313,https://www.newchic.com/es/charmkpr-t-shirts-12208/p-1952986.html,14.17,1.7,https://www.newchic.com/es/charmkpr-t-shirts-12208/p-1952986.html?p=40111254531976202019&utm_campaign=affcenter&utm_content=&site=23&pid=1952986
SKUH10415,Camisas de solapa con estampado de flor de ciruelo,https://imgaz1.chiccdn.com/thumb/gallery/oaupload/newchic/images/B4/D5/8e98a18f-b845-46ec-a1fa-f1013623eb5f.jpeg?s=235x313,https://www.newchic.com/es/charmkpr-shirts-12209/p-1825252.html,20.99,2.52,https://www.newchic.com/es/charmkpr-shirts-12209/p-1825252.html?p=40111254531976202019&utm_campaign=affcenter&utm_content=&site=23&pid=1825252
SKUJ44584,Blusa de satén liso Crew Cuello,https://imgaz1.chiccdn.com/thumb/gallery/oaupload/newchic/images/D2/18/1ef960b9-1c97-429c-933d-a84a524bd051.jpg?s=235x313,https://www.newchic.com/es/zanzea-blouses-and-shirts-3689/p-1966294.html,16.79,2.01,https://www.newchic.com/es/zanzea-blouses-and-shirts-3689/p-1966294.html?p=40111254531976202019&utm_campaign=affcenter&utm_content=&site=23&pid=1966294
SKUJ49062,Camisas Patchwork Multi Rayas Combinadas,https://imgaz1.chiccdn.com/thumb/gallery/oaupload/newchic/images/4B/FF/f5c62f39-a96a-47a0-8a41-0b1209a09244.jpg?s=235x313,https://www.newchic.com/es/mensclo-shirts-12209/p-1967562.html,7.44,0.89,https://www.newchic.com/es/mensclo-shirts-12209/p-1967562.html?p=40111254531976202019&utm_campaign=affcenter&utm_content=&site=23&pid=1967562
SKUJ48936,Medio Botón Capucha Corduroy Co-ords,https://imgaz1.chiccdn.com/thumb/gallery/oaupload/newchic/images/8B/03/12b991bb-7ec1-4c20-81e8-1cc3bbf60152.jpg?s=235x313,https://www.newchic.com/es/mensclo-two-pieces-outfits-9989/p-1967867.html,11.94,1.43,https://www.newchic.com/es/mensclo-two-pieces-outfits-9989/p-1967867.html?p=40111254531976202019&utm_campaign=affcenter&utm_content=&site=23&pid=1967867
SKUJ42723,Camisas de golf de punto bordado en contraste,https://imgaz1.chiccdn.com/thumb/gallery/oaupload/newchic/images/3A/21/27f7c7f2-244e-4835-940c-34501f813c54.jpg?s=235x313,https://www.newchic.com/es/mensclo-golf-shirts-12210/p-1963250.html,7.83,0.94,https://www.newchic.com/es/mensclo-golf-shirts-12210/p-1963250.html?p=40111254531976202019&utm_campaign=affcenter&utm_content=&site=23&pid=1963250
SKUJ34373,Cuello de color en contraste Manga corta Camisa,https://imgaz1.chiccdn.com/thumb/gallery/oaupload/newchic/images/3C/89/89bc5696-2d95-42d0-b67c-bfc8620e20da.jpg?s=235x313,https://www.newchic.com/es/incerun-shirts-12209/p-1959199.html,7.94,0.95,https://www.newchic.com/es/incerun-shirts-12209/p-1959199.html?p=40111254531976202019&utm_campaign=affcenter&utm_content=&site=23&pid=1959199
SKUJ51450,Chaquetas con bolsillos y pliegues de patchwork de pana,https://imgaz1.chiccdn.com/thumb/gallery/oaupload/newchic/images/EE/85/0a0d4628-3387-4da7-8061-77c2e0cc2797.jpg?s=235x313,https://www.newchic.com/es/charmkpr-jackets-4972/p-1971099.html,12.16,1.46,https://www.newchic.com/es/charmkpr-jackets-4972/p-1971099.html?p=40111254531976202019&utm_campaign=affcenter&utm_content=&site=23&pid=1971099
SKUJ91258,Chaqueta Patchwork Geométrico Étnico,https://imgaz1.chiccdn.com/thumb/gallery/oaupload/newchic/images/24/87/6a9d74c9-3ec5-4486-bf24-d0e9e02785ad.jpg?s=235x313,https://www.newchic.com/es/charmkpr-jackets-4972/p-1974636.html,19.95,2.39,https://www.newchic.com/es/charmkpr-jackets-4972/p-1974636.html?p=40111254531976202019&utm_campaign=affcenter&utm_content=&site=23&pid=1974636
SKUK35718,Chaqueta de pana con patchwork en bloques de color,https://imgaz1.chiccdn.com/thumb/gallery/oaupload/newchic/images/68/1D/fcfc8974-9612-4af2-b060-ee7e27e863e6.png?s=235x313,https://www.newchic.com/es/charmkpr-jackets-4972/p-1999495.html,44.09,5.29,https://www.newchic.com/es/charmkpr-jackets-4972/p-1999495.html?p=40111254531976202019&utm_campaign=affcenter&utm_content=&site=23&pid=1999495
SKUK11487,Camisetas con estampado de letras en bloque de color,https://imgaz1.chiccdn.com/thumb/gallery/oaupload/newchic/images/54/8C/9b1e7ff2-b0c9-4386-975b-9b4ff1b8685f.jpg?s=235x313,https://www.newchic.com/es/charmkpr-t-shirts-12208/p-1985128.html,4.72,0.57,https://www.newchic.com/es/charmkpr-t-shirts-12208/p-1985128.html?p=40111254531976202019&utm_campaign=affcenter&utm_content=&site=23&pid=1985128
SKUK16703,Figura japonesa Paisaje Ukiyoe Camisetas,https://imgaz1.chiccdn.com/thumb/gallery/oaupload/newchic/images/CE/1A/8f48edf5-3f4c-4b5e-96ed-e22749bd33ac.jpg?s=235x313,https://www.newchic.com/es/charmkpr-shirts-12209/p-1988162.html,8.08,0.97,https://www.newchic.com/es/charmkpr-shirts-12209/p-1988162.html?p=40111254531976202019&utm_campaign=affcenter&utm_content=&site=23&pid=1988162
SKUK17704,Camisetas geométricas de patchwork Patrón,https://imgaz1.chiccdn.com/thumb/gallery/oaupload/newchic/images/DF/08/68090bbe-42d7-4651-b7c2-5599f33cc68f.jpg?s=235x313,https://www.newchic.com/es/charmkpr-t-shirts-12208/p-1988388.html,18.89,2.27,https://www.newchic.com/es/charmkpr-t-shirts-12208/p-1988388.html?p=40111254531976202019&utm_campaign=affcenter&utm_content=&site=23&pid=1988388
SKUK03115,Camisetas étnicas con capucha y cinta Patrón,https://imgaz1.chiccdn.com/thumb/gallery/oaupload/newchic/images/A3/6C/429a4f2d-a796-415a-84b8-ffeacd1f939b.jpg?s=235x313,https://www.newchic.com/es/charmkpr-t-shirts-12208/p-1982695.html,4.72,0.57,https://www.newchic.com/es/charmkpr-t-shirts-12208/p-1982695.html?p=40111254531976202019&utm_campaign=affcenter&utm_content=&site=23&pid=1982695
SKUJ97941,Blazer casual liso de manga 3/4,https://imgaz1.chiccdn.com/thumb/gallery/oaupload/newchic/images/FF/B4/e8cf5ba9-d455-4dac-8b10-142348cab537.jpg?s=235x313,https://www.newchic.com/es/incerun-blazers-12213/p-1984486.html,23.09,2.77,https://www.newchic.com/es/incerun-blazers-12213/p-1984486.html?p=40111254531976202019&utm_campaign=affcenter&utm_content=&site=23&pid=1984486
SKUK27249,Camisas étnicas con estampado de elefante Geo,https://imgaz1.chiccdn.com/thumb/gallery/oaupload/newchic/images/6E/50/a7e7af14-74c1-462f-84e4-83679f6b793e.jpg?s=235x313,https://www.newchic.com/es/charmkpr-shirts-12209/p-1993852.html,23.09,2.77,https://www.newchic.com/es/charmkpr-shirts-12209/p-1993852.html?p=40111254531976202019&utm_campaign=affcenter&utm_content=&site=23&pid=1993852
SKUD02272,Camisetas casuales sueltas de manga larga,https://imgaz1.chiccdn.com/thumb/gallery/oaupload/newchic/images/56/A4/154ce8b7-0b50-4426-b22c-8e83a66e0a33.jpg?s=235x313,https://www.newchic.com/es/incerun-t-shirts-12208/p-1574498.html,29.39,3.53,https://www.newchic.com/es/incerun-t-shirts-12208/p-1574498.html?p=40111254531976202019&utm_campaign=affcenter&utm_content=&site=23&pid=1574498
SKUG25272,Boina Hombre Punto Piel Patchwork Color Sombrero,https://imgaz1.chiccdn.com/thumb/gallery/oaupload/newchic/images/DF/EF/c02fc515-89b8-416f-a030-77284ade40e5.jpg?s=235x313,https://www.newchic.com/es/flat-caps-12160/p-1742664.html,3.86,0.46,https://www.newchic.com/es/flat-caps-12160/p-1742664.html?p=40111254531976202019&utm_campaign=affcenter&utm_content=&site=23&pid=1742664
SKUG18662,Camiseta 100% algodón con estampado de planetas de dibujos animados,https://imgaz1.chiccdn.com/thumb/gallery/oaupload/newchic/images/99/46/7e4063b7-4359-4855-84a0-79b1c241a495.jpg?s=235x313,https://www.newchic.com/es/charmkpr-t-shirts-12208/p-1739672.html,14.39,1.73,https://www.newchic.com/es/charmkpr-t-shirts-12208/p-1739672.html?p=40111254531976202019&utm_campaign=affcenter&utm_content=&site=23&pid=1739672
SKUJ26721,Camisetas con capucha y estampado de grullas japonesas,https://imgaz1.chiccdn.com/thumb/gallery/oaupload/newchic/images/DB/79/7b475d59-d1c1-4ee9-a0e9-22c9e6460266.jpg?s=235x313,https://www.newchic.com/es/mensclo-t-shirts-12208/p-1942526.html,10.07,1.21,https://www.newchic.com/es/mensclo-t-shirts-12208/p-1942526.html?p=40111254531976202019&utm_campaign=affcenter&utm_content=&site=23&pid=1942526
SKUF61862,Camiseta de algodón con cordones Cuello,https://imgaz1.chiccdn.com/thumb/gallery/oaupload/newchic/images/BA/D2/e3034ea2-f098-44bf-807e-3dfe553861d4.jpg?s=235x313,https://www.newchic.com/es/incerun-t-shirts-12208/p-1944275.html,25.19,3.02,https://www.newchic.com/es/incerun-t-shirts-12208/p-1944275.html?p=40111254531976202019&utm_campaign=affcenter&utm_content=&site=23&pid=1944275
SKUI88111,Camiseta de manga corta de color liso,https://imgaz1.chiccdn.com/thumb/gallery/oaupload/newchic/images/9F/CC/ad8f562a-a0b3-40a6-9f73-82d45c40142e.jpg?s=235x313,https://www.newchic.com/es/incerun-t-shirts-12208/p-1944648.html,20.99,2.52,https://www.newchic.com/es/incerun-t-shirts-12208/p-1944648.html?p=40111254531976202019&utm_campaign=affcenter&utm_content=&site=23&pid=1944648
SKUH27251,Botón irregular para hombre Drapeado Color sólido Camisa,https://imgaz1.chiccdn.com/thumb/gallery/oaupload/newchic/images/15/20/6f7d7bd8-62eb-4d7f-8dec-1a2e2f88ea98.jpg?s=235x313,https://www.newchic.com/es/incerun-shirts-12209/p-1944713.html,24.56,2.95,https://www.newchic.com/es/incerun-shirts-12209/p-1944713.html?p=40111254531976202019&utm_campaign=affcenter&utm_content=&site=23&pid=1944713
SKUH95615,Hombres Casual Color Sólido Suelto Pantalones,https://imgaz1.chiccdn.com/thumb/gallery/oaupload/newchic/images/31/6C/d72c8001-4b6c-4ab5-91fd-ec966fff3c13.jpg?s=235x313,https://www.newchic.com/es/incerun-pants-4975/p-1945349.html,26.24,3.15,https://www.newchic.com/es/incerun-pants-4975/p-1945349.html?p=40111254531976202019&utm_campaign=affcenter&utm_content=&site=23&pid=1945349
SKUG49654,Collrown Men Stripe Patrón Patchwork Beret Sombrero Gorra plana,https://imgaz1.chiccdn.com/thumb/gallery/oaupload/newchic/images/94/B6/ae842ab4-5a42-4e7f-a83f-2ab0c3a5a779.jpg?s=235x313,https://www.newchic.com/es/collrown-flat-caps-12160/p-1784490.html,3.83,0.46,https://www.newchic.com/es/collrown-flat-caps-12160/p-1784490.html?p=40111254531976202019&utm_campaign=affcenter&utm_content=&site=23&pid=1784490
SKUJ54010,Sudaderas Étnicas Manga Raglan Patchwork,https://imgaz1.chiccdn.com/thumb/gallery/oaupload/newchic/images/8C/D4/21da607d-cde8-4a62-80bf-da2b2ea38423.jpg?s=235x313,https://www.newchic.com/es/charmkpr-sweatshirts-12201/p-1971263.html,10.25,1.23,https://www.newchic.com/es/charmkpr-sweatshirts-12201/p-1971263.html?p=40111254531976202019&utm_campaign=affcenter&utm_content=&site=23&pid=1971263
SKUJ55386,Botón sólido Suelto vendimia Vestido,https://imgaz1.chiccdn.com/thumb/gallery/oaupload/newchic/images/47/55/def08ed1-869a-4dce-b369-963d4661a41f.jpg?s=235x313,https://www.newchic.com/es/zanzea-vintage-dresses-3664/p-1972057.html,7.96,0.96,https://www.newchic.com/es/zanzea-vintage-dresses-3664/p-1972057.html?p=40111254531976202019&utm_campaign=affcenter&utm_content=&site=23&pid=1972057
SKUJ80908,Sudaderas con capucha con estampado de espray de pescado,https://imgaz1.chiccdn.com/thumb/gallery/oaupload/newchic/images/E9/8D/924b5fd6-5f69-47a7-ab7f-a55c3cd4226a.jpg?s=235x313,https://www.newchic.com/es/charmkpr-hoodies-12200/p-1972167.html,11.75,1.41,https://www.newchic.com/es/charmkpr-hoodies-12200/p-1972167.html?p=40111254531976202019&utm_campaign=affcenter&utm_content=&site=23&pid=1972167
SKUK38696,Sudaderas con capucha con estampado de paisaje de grulla,https://imgaz1.chiccdn.com/thumb/gallery/oaupload/newchic/images/F9/EC/266041e1-841f-4d59-b821-eac27424dcde.jpg?s=235x313,https://www.newchic.com/es/charmkpr-hoodies-12200/p-2001143.html,22.99,2.76,https://www.newchic.com/es/charmkpr-hoodies-12200/p-2001143.html?p=40111254531976202019&utm_campaign=affcenter&utm_content=&site=23&pid=2001143
SKUK39577,Sudaderas con capucha con estampado de ciruela china Bossom,https://imgaz1.chiccdn.com/thumb/gallery/oaupload/newchic/images/29/18/c1396967-a246-402f-b234-b036cd81374b.jpg?s=235x313,https://www.newchic.com/es/charmkpr-hoodies-12200/p-2001716.html,22.99,2.76,https://www.newchic.com/es/charmkpr-hoodies-12200/p-2001716.html?p=40111254531976202019&utm_campaign=affcenter&utm_content=&site=23&pid=2001716
SKUK39509,Joggers con patchwork de dos tonos,https://imgaz1.chiccdn.com/thumb/gallery/oaupload/newchic/images/1F/10/5af4c0f8-7f6d-4d7f-bc3a-ade8e84b1648.png?s=235x313,https://www.newchic.com/es/charmkpr-pants-4975/p-2002053.html,29.39,3.53,https://www.newchic.com/es/charmkpr-pants-4975/p-2002053.html?p=40111254531976202019&utm_campaign=affcenter&utm_content=&site=23&pid=2002053
SKUK40821,Sudaderas con capucha con estampado japonés Dragón,https://imgaz1.chiccdn.com/thumb/gallery/oaupload/newchic/images/FC/57/40e6b4a9-c845-4d88-8b8e-83712e1d595d.jpg?s=235x313,https://www.newchic.com/es/charmkpr-hoodies-12200/p-2002481.html,22.99,2.76,https://www.newchic.com/es/charmkpr-hoodies-12200/p-2002481.html?p=40111254531976202019&utm_campaign=affcenter&utm_content=&site=23&pid=2002481
SKUK41620,Sudaderas con capucha de patchwork de caligrafía china,https://imgaz1.chiccdn.com/thumb/gallery/oaupload/newchic/images/8C/8B/b6c1be95-a895-4f20-b170-1e4910ac9305.jpg?s=235x313,https://www.newchic.com/es/charmkpr-hoodies-12200/p-2003248.html,28.34,3.4,https://www.newchic.com/es/charmkpr-hoodies-12200/p-2003248.html?p=40111254531976202019&utm_campaign=affcenter&utm_content=&site=23&pid=2003248
SKUK30585,Camisas casuales con solapa lisa,https://imgaz1.chiccdn.com/thumb/gallery/oaupload/newchic/images/DD/6F/f19f7bba-42fc-44f6-8948-40914d9bd515.jpg?s=235x313,https://www.newchic.com/es/charmkpr-shirts-12209/p-1995840.html,20.78,2.49,https://www.newchic.com/es/charmkpr-shirts-12209/p-1995840.html?p=40111254531976202019&utm_campaign=affcenter&utm_content=&site=23&pid=1995840
SKUK18829,Camisas de bloques de color con estampado vintage,https://imgaz1.chiccdn.com/thumb/gallery/oaupload/newchic/images/36/D3/b7694db5-250f-4d17-b129-5b52faab38e8.jpg?s=235x313,https://www.newchic.com/es/charmkpr-shirts-12209/p-1989864.html,23.09,2.77,https://www.newchic.com/es/charmkpr-shirts-12209/p-1989864.html?p=40111254531976202019&utm_campaign=affcenter&utm_content=&site=23&pid=1989864
SKUK11066,Pantalones de chándal de flores de cerezo japonesas,https://imgaz1.chiccdn.com/thumb/gallery/oaupload/newchic/images/92/4F/b3a434e7-6a23-4be3-b4f3-227324011845.jpg?s=235x313,https://www.newchic.com/es/charmkpr-pants-4975/p-1984389.html,33.59,4.03,https://www.newchic.com/es/charmkpr-pants-4975/p-1984389.html?p=40111254531976202019&utm_campaign=affcenter&utm_content=&site=23&pid=1984389
SKUJ70066,Camiseta transparente de malla recortada,https://imgaz1.chiccdn.com/thumb/gallery/oaupload/newchic/images/B0/CA/cdc0031d-3557-496c-a7b9-337d045bb7ab.jpg?s=235x313,https://www.newchic.com/es/incerun-t-shirts-12208/p-1976881.html,23.09,2.77,https://www.newchic.com/es/incerun-t-shirts-12208/p-1976881.html?p=40111254531976202019&utm_campaign=affcenter&utm_content=&site=23&pid=1976881
SKUJ97284,Camisas de patchwork con bordado floral,https://imgaz1.chiccdn.com/thumb/gallery/oaupload/newchic/images/BA/D6/dd35b17f-529a-41f4-9739-26dbde05c0f3.jpg?s=235x313,https://www.newchic.com/es/charmkpr-shirts-12209/p-1979761.html,18.89,2.27,https://www.newchic.com/es/charmkpr-shirts-12209/p-1979761.html?p=40111254531976202019&utm_campaign=affcenter&utm_content=&site=23&pid=1979761
SKUB17918,Sport Impermeable Reloj de cintura para hombre,https://imgaz1.chiccdn.com/thumb/gallery/oaupload/newchic/images/A7/87/27162351-33bb-4b26-9373-051ae2b9be32.jpg?s=235x313,https://www.newchic.com/es/men-watches-4551/p-1412968.html,4.17,0.5,https://www.newchic.com/es/men-watches-4551/p-1412968.html?p=40111254531976202019&utm_campaign=affcenter&utm_content=&site=23&pid=1412968
SKU826184,Relojes de mujer de cuarzo de cuero de moda,https://imgaz1.chiccdn.com/thumb/gallery/oaupload/newchic/images/91/0B/667f5552-b603-4fc9-8121-c713b32ed1aa.jpg?s=235x313,https://www.newchic.com/es/women-watches-4548/p-1241277.html,1.82,0.22,https://www.newchic.com/es/women-watches-4548/p-1241277.html?p=40111254531976202019&utm_campaign=affcenter&utm_content=&site=23&pid=1241277
SKUC52112,Camisas casuales de color sólido para hombre,https://imgaz1.chiccdn.com/thumb/gallery/oaupload/newchic/images/4F/67/be5050ab-efcf-41bd-8efa-b14d67455a68.jpg?s=235x313,https://www.newchic.com/es/incerun-shirts-12209/p-1567002.html,28.3,3.4,https://www.newchic.com/es/incerun-shirts-12209/p-1567002.html?p=40111254531976202019&utm_campaign=affcenter&utm_content=&site=23&pid=1567002
SKUI52501,Pantalones Harem Rectos Plisados Irregulares,https://imgaz1.chiccdn.com/thumb/gallery/oaupload/newchic/images/D1/99/40ff0d76-fa67-4b5d-9bcb-b646ecb81d13.jpg?s=235x313,https://www.newchic.com/es/incerun-pants-4975/p-1947808.html,28.34,3.4,https://www.newchic.com/es/incerun-pants-4975/p-1947808.html?p=40111254531976202019&utm_campaign=affcenter&utm_content=&site=23&pid=1947808
SKUC76972,Camiseta informal con botones lisos,https://imgaz1.chiccdn.com/thumb/gallery/oaupload/newchic/images/5F/4C/1bf70d72-34d6-4111-a20f-bfc23ca5db95.jpg?s=235x313,https://www.newchic.com/es/zanzea-t-shirts-3666/p-1949466.html,14.27,1.71,https://www.newchic.com/es/zanzea-t-shirts-3666/p-1949466.html?p=40111254531976202019&utm_campaign=affcenter&utm_content=&site=23&pid=1949466
SKUI73387,Ropa de calle Camuflaje Carga Pantalones,https://imgaz1.chiccdn.com/thumb/gallery/oaupload/newchic/images/35/22/dd76afa1-f0f1-4545-9291-1d8b709a3074.jpg?s=235x313,https://www.newchic.com/es/koyye-pants-4975/p-1918264.html,23.1,2.77,https://www.newchic.com/es/koyye-pants-4975/p-1918264.html?p=40111254531976202019&utm_campaign=affcenter&utm_content=&site=23&pid=1918264
SKUI08940,Gorra plana con costuras de patchwork para hombre de Collrown,https://imgaz1.chiccdn.com/thumb/gallery/oaupload/newchic/images/A8/4E/c2b3b416-5b9a-4727-b700-16c555cba787.jpg?s=235x313,https://www.newchic.com/es/flat-caps-12160/p-1868570.html,3.85,0.46,https://www.newchic.com/es/flat-caps-12160/p-1868570.html?p=40111254531976202019&utm_campaign=affcenter&utm_content=&site=23&pid=1868570
SKUH15838,Camisas de calle con estampado de setas de colores,https://imgaz1.chiccdn.com/thumb/gallery/oaupload/newchic/images/99/70/9ba231ce-615b-4ef8-9d88-df07e629ec31.jpg?s=235x313,https://www.newchic.com/es/charmkpr-shirts-12209/p-1840684.html,7.79,0.93,https://www.newchic.com/es/charmkpr-shirts-12209/p-1840684.html?p=40111254531976202019&utm_campaign=affcenter&utm_content=&site=23&pid=1840684
SKUH46029,Camisas abotonadas con estampado de nubes,https://imgaz1.chiccdn.com/thumb/gallery/oaupload/newchic/images/54/D0/3fce5c10-d3b0-47c4-b4b8-480575146f7f.jpg?s=235x313,https://www.newchic.com/es/charmkpr-shirts-12209/p-1838569.html,18.89,2.27,https://www.newchic.com/es/charmkpr-shirts-12209/p-1838569.html?p=40111254531976202019&utm_campaign=affcenter&utm_content=&site=23&pid=1838569
SKUG09658,Hombres V Cuello Camisas informales,https://imgaz1.chiccdn.com/thumb/gallery/oaupload/newchic/images/F7/04/9f9ccd2f-6176-49ec-b723-b05c507f5432.jpg?s=235x313,https://www.newchic.com/es/incerun-shirts-12209/p-1757691.html,24.14,2.9,https://www.newchic.com/es/incerun-shirts-12209/p-1757691.html?p=40111254531976202019&utm_campaign=affcenter&utm_content=&site=23&pid=1757691
SKUJ47492,Camisas a rayas con botones,https://imgaz1.chiccdn.com/thumb/gallery/oaupload/newchic/images/A8/E3/9d64a152-9705-465a-9685-1bd36a34dbc9.jpg?s=235x313,https://www.newchic.com/es/mensclo-shirts-12209/p-1965224.html,7.58,0.91,https://www.newchic.com/es/mensclo-shirts-12209/p-1965224.html?p=40111254531976202019&utm_campaign=affcenter&utm_content=&site=23&pid=1965224
SKUJ49082,Conjunto con capucha y media cremallera Colorblock,https://imgaz1.chiccdn.com/thumb/gallery/oaupload/newchic/images/D8/6D/207e9bd2-a03f-4ef8-ac03-84e2a61b386c.jpg?s=235x313,https://www.newchic.com/es/mensclo-two-pieces-outfits-9989/p-1967884.html,11.79,1.41,https://www.newchic.com/es/mensclo-two-pieces-outfits-9989/p-1967884.html?p=40111254531976202019&utm_campaign=affcenter&utm_content=&site=23&pid=1967884
SKUJ51091,Étnico Colorful Tire Graphic Camisas,https://imgaz1.chiccdn.com/thumb/gallery/oaupload/newchic/images/33/9E/864ef446-add9-481d-885d-fc5ff887ccf1.jpg?s=235x313,https://www.newchic.com/es/charmkpr-shirts-12209/p-1968109.html,8.09,0.97,https://www.newchic.com/es/charmkpr-shirts-12209/p-1968109.html?p=40111254531976202019&utm_campaign=affcenter&utm_content=&site=23&pid=1968109
SKUJ48452,Camiseta elástica con textura de rayas tejidas,https://imgaz1.chiccdn.com/thumb/gallery/oaupload/newchic/images/1F/22/fbcf9ef3-5c26-4c32-84e9-d063c40bee7d.jpg?s=235x313,https://www.newchic.com/es/incerun-t-shirts-12208/p-1968993.html,18.89,2.27,https://www.newchic.com/es/incerun-t-shirts-12208/p-1968993.html?p=40111254531976202019&utm_campaign=affcenter&utm_content=&site=23&pid=1968993
SKUJ42554,Camisetas con estampado de papas fritas en el pecho,https://imgaz1.chiccdn.com/thumb/gallery/oaupload/newchic/images/85/A8/a61c3d8c-8998-4551-ba3d-bff5aea9fba6.jpg?s=235x313,https://www.newchic.com/es/mensclo-t-shirts-12208/p-1961966.html,6.97,0.84,https://www.newchic.com/es/mensclo-t-shirts-12208/p-1961966.html?p=40111254531976202019&utm_campaign=affcenter&utm_content=&site=23&pid=1961966
